Div,Date,HomeTeam,AwayTeam,FTHG,FTAG,FTR,HTHG,HTAG,HTR,Referee,HS,AS,HST,AST,HF,AF,HC,AC,HY,AY,HR,AR,,,,,,,,,,,,,,,,,,,,,,,,,,,,,,,,,,,,,,,,,,,,,,,,,,,,,,,,,,,,,,,,,,,,,,,,,,,,,,,,,,
E0,09/08/2019,Liverpool,Norwich,4,1,H,4,0,H,M Oliver,15,12,7,5,9,9,11,2,0,2,0,0,,,,,,,,,,,,,,,,,,,,,,,,,,,,,,,,,,,,,,,,,,,,,,,,,,,,,,,,,,,,,,,,,,,,,,,,,,,,,,,,,,
E0,10/08/2019,West Ham,Man City,0,5,A,0,1,A,M Dean,5,14,3,9,6,13,1,1,2,2,0,0,,,,,,,,,,,,,,,,,,,,,,,,,,,,,,,,,,,,,,,,,,,,,,,,,,,,,,,,,,,,,,,,,,,,,,,,,,,,,,,,,,
E0,10/08/2019,Bournemouth,Sheffield United,1,1,D,0,0,D,K Friend,13,8,3,3,10,19,3,4,2,1,0,0,,,,,,,,,,,,,,,,,,,,,,,,,,,,,,,,,,,,,,,,,,,,,,,,,,,,,,,,,,,,,,,,,,,,,,,,,,,,,,,,,,
E0,10/08/2019,Burnley,Southampton,3,0,H,0,0,D,G Scott,10,11,4,3,6,12,2,7,0,0,0,0,,,,,,,,,,,,,,,,,,,,,,,,,,,,,,,,,,,,,,,,,,,,,,,,,,,,,,,,,,,,,,,,,,,,,,,,,,,,,,,,,,
E0,10/08/2019,Crystal Palace,Everton,0,0,D,0,0,D,J Moss,6,10,2,3,16,14,6,2,2,1,0,1,,,,,,,,,,,,,,,,,,,,,,,,,,,,,,,,,,,,,,,,,,,,,,,,,,,,,,,,,,,,,,,,,,,,,,,,,,,,,,,,,,
E0,10/08/2019,Watford,Brighton,0,3,A,0,1,A,C Pawson,11,5,3,3,15,11,5,2,0,1,0,0,,,,,,,,,,,,,,,,,,,,,,,,,,,,,,,,,,,,,,,,,,,,,,,,,,,,,,,,,,,,,,,,,,,,,,,,,,,,,,,,,,
E0,10/08/2019,Tottenham,Aston Villa,3,1,H,0,1,A,C Kavanagh,31,7,7,4,13,9,14,0,1,0,0,0,,,,,,,,,,,,,,,,,,,,,,,,,,,,,,,,,,,,,,,,,,,,,,,,,,,,,,,,,,,,,,,,,,,,,,,,,,,,,,,,,,
E0,11/08/2019,Leicester,Wolves,0,0,D,0,0,D,A Marriner,15,8,1,2,3,13,12,3,0,2,0,0,,,,,,,,,,,,,,,,,,,,,,,,,,,,,,,,,,,,,,,,,,,,,,,,,,,,,,,,,,,,,,,,,,,,,,,,,,,,,,,,,,
E0,11/08/2019,Newcastle,Arsenal,0,1,A,0,0,D,M Atkinson,9,8,2,2,12,7,5,3,1,3,0,0,,,,,,,,,,,,,,,,,,,,,,,,,,,,,,,,,,,,,,,,,,,,,,,,,,,,,,,,,,,,,,,,,,,,,,,,,,,,,,,,,,
E0,11/08/2019,Man United,Chelsea,4,0,H,1,0,H,A Taylor,11,18,5,7,15,13,3,5,3,4,0,0,,,,,,,,,,,,,,,,,,,,,,,,,,,,,,,,,,,,,,,,,,,,,,,,,,,,,,,,,,,,,,,,,,,,,,,,,,,,,,,,,,
E0,17/08/2019,Arsenal,Burnley,2,1,H,1,1,D,M Dean,16,18,9,5,13,11,10,7,2,1,0,0,,,,,,,,,,,,,,,,,,,,,,,,,,,,,,,,,,,,,,,,,,,,,,,,,,,,,,,,,,,,,,,,,,,,,,,,,,,,,,,,,,
E0,17/08/2019,Aston Villa,Bournemouth,1,2,A,0,2,A,M Atkinson,22,12,7,4,10,13,10,5,0,2,0,0,,,,,,,,,,,,,,,,,,,,,,,,,,,,,,,,,,,,,,,,,,,,,,,,,,,,,,,,,,,,,,,,,,,,,,,,,,,,,,,,,,
E0,17/08/2019,Brighton,West Ham,1,1,D,0,0,D,A Taylor,16,8,4,3,11,10,8,6,0,2,0,0,,,,,,,,,,,,,,,,,,,,,,,,,,,,,,,,,,,,,,,,,,,,,,,,,,,,,,,,,,,,,,,,,,,,,,,,,,,,,,,,,,
E0,17/08/2019,Everton,Watford,1,0,H,1,0,H,L Mason,12,8,2,2,11,11,4,7,2,3,0,0,,,,,,,,,,,,,,,,,,,,,,,,,,,,,,,,,,,,,,,,,,,,,,,,,,,,,,,,,,,,,,,,,,,,,,,,,,,,,,,,,,
E0,17/08/2019,Norwich,Newcastle,3,1,H,1,0,H,S Attwell,15,10,8,3,9,11,7,5,1,3,0,0,,,,,,,,,,,,,,,,,,,,,,,,,,,,,,,,,,,,,,,,,,,,,,,,,,,,,,,,,,,,,,,,,,,,,,,,,,,,,,,,,,
E0,17/08/2019,Southampton,Liverpool,1,2,A,0,1,A,A Marriner,14,15,3,6,10,6,5,9,2,1,0,0,,,,,,,,,,,,,,,,,,,,,,,,,,,,,,,,,,,,,,,,,,,,,,,,,,,,,,,,,,,,,,,,,,,,,,,,,,,,,,,,,,
E0,17/08/2019,Man City,Tottenham,2,2,D,2,1,H,M Oliver,30,3,10,2,14,4,13,2,1,0,0,0,,,,,,,,,,,,,,,,,,,,,,,,,,,,,,,,,,,,,,,,,,,,,,,,,,,,,,,,,,,,,,,,,,,,,,,,,,,,,,,,,,
E0,18/08/2019,Sheffield United,Crystal Palace,1,0,H,0,0,D,D Coote,15,6,3,4,16,11,8,4,3,1,0,0,,,,,,,,,,,,,,,,,,,,,,,,,,,,,,,,,,,,,,,,,,,,,,,,,,,,,,,,,,,,,,,,,,,,,,,,,,,,,,,,,,
E0,18/08/2019,Chelsea,Leicester,1,1,D,1,0,H,O Langford,14,12,5,3,9,14,4,5,1,0,0,0,,,,,,,,,,,,,,,,,,,,,,,,,,,,,,,,,,,,,,,,,,,,,,,,,,,,,,,,,,,,,,,,,,,,,,,,,,,,,,,,,,
E0,19/08/2019,Wolves,Man United,1,1,D,0,1,A,J Moss,6,9,2,2,17,8,4,6,2,2,0,0,,,,,,,,,,,,,,,,,,,,,,,,,,,,,,,,,,,,,,,,,,,,,,,,,,,,,,,,,,,,,,,,,,,,,,,,,,,,,,,,,,
E0,23/08/2019,Aston Villa,Everton,2,0,H,1,0,H,M Oliver,7,12,3,1,10,18,0,6,2,3,0,0,,,,,,,,,,,,,,,,,,,,,,,,,,,,,,,,,,,,,,,,,,,,,,,,,,,,,,,,,,,,,,,,,,,,,,,,,,,,,,,,,,
E0,24/08/2019,Norwich,Chelsea,2,3,A,2,2,D,M Atkinson,6,23,5,8,9,9,1,8,1,1,0,0,,,,,,,,,,,,,,,,,,,,,,,,,,,,,,,,,,,,,,,,,,,,,,,,,,,,,,,,,,,,,,,,,,,,,,,,,,,,,,,,,,
E0,24/08/2019,Brighton,Southampton,0,2,A,0,0,D,K Friend,12,12,3,4,9,10,8,5,1,3,1,0,,,,,,,,,,,,,,,,,,,,,,,,,,,,,,,,,,,,,,,,,,,,,,,,,,,,,,,,,,,,,,,,,,,,,,,,,,,,,,,,,,
E0,24/08/2019,Man United,Crystal Palace,1,2,A,0,1,A,P Tierney,22,5,3,3,8,18,8,1,2,4,0,0,,,,,,,,,,,,,,,,,,,,,,,,,,,,,,,,,,,,,,,,,,,,,,,,,,,,,,,,,,,,,,,,,,,,,,,,,,,,,,,,,,
E0,24/08/2019,Sheffield United,Leicester,1,2,A,0,1,A,A Madley,8,10,3,2,11,6,7,4,1,0,0,0,,,,,,,,,,,,,,,,,,,,,,,,,,,,,,,,,,,,,,,,,,,,,,,,,,,,,,,,,,,,,,,,,,,,,,,,,,,,,,,,,,
E0,24/08/2019,Watford,West Ham,1,3,A,1,1,D,C Kavanagh,23,16,3,10,12,11,8,7,1,1,0,0,,,,,,,,,,,,,,,,,,,,,,,,,,,,,,,,,,,,,,,,,,,,,,,,,,,,,,,,,,,,,,,,,,,,,,,,,,,,,,,,,,
E0,24/08/2019,Liverpool,Arsenal,3,1,H,1,0,H,A Taylor,25,9,5,3,8,5,6,4,1,1,0,0,,,,,,,,,,,,,,,,,,,,,,,,,,,,,,,,,,,,,,,,,,,,,,,,,,,,,,,,,,,,,,,,,,,,,,,,,,,,,,,,,,
E0,25/08/2019,Bournemouth,Man City,1,3,A,1,2,A,A Marriner,10,19,7,5,7,13,4,5,1,3,0,0,,,,,,,,,,,,,,,,,,,,,,,,,,,,,,,,,,,,,,,,,,,,,,,,,,,,,,,,,,,,,,,,,,,,,,,,,,,,,,,,,,
E0,25/08/2019,Tottenham,Newcastle,0,1,A,0,1,A,M Dean,17,8,2,3,10,5,6,6,2,2,0,0,,,,,,,,,,,,,,,,,,,,,,,,,,,,,,,,,,,,,,,,,,,,,,,,,,,,,,,,,,,,,,,,,,,,,,,,,,,,,,,,,,
E0,25/08/2019,Wolves,Burnley,1,1,D,0,1,A,C Pawson,17,13,2,4,9,11,4,3,0,2,0,0,,,,,,,,,,,,,,,,,,,,,,,,,,,,,,,,,,,,,,,,,,,,,,,,,,,,,,,,,,,,,,,,,,,,,,,,,,,,,,,,,,
E0,31/08/2019,Southampton,Man United,1,1,D,0,1,A,M Dean,10,21,2,8,17,7,2,3,1,2,1,0,,,,,,,,,,,,,,,,,,,,,,,,,,,,,,,,,,,,,,,,,,,,,,,,,,,,,,,,,,,,,,,,,,,,,,,,,,,,,,,,,,
E0,31/08/2019,Chelsea,Sheffield United,2,2,D,2,0,H,S Attwell,13,8,5,2,6,11,3,4,0,1,0,0,,,,,,,,,,,,,,,,,,,,,,,,,,,,,,,,,,,,,,,,,,,,,,,,,,,,,,,,,,,,,,,,,,,,,,,,,,,,,,,,,,
E0,31/08/2019,Crystal Palace,Aston Villa,1,0,H,0,0,D,K Friend,22,10,5,2,15,16,13,2,2,4,0,1,,,,,,,,,,,,,,,,,,,,,,,,,,,,,,,,,,,,,,,,,,,,,,,,,,,,,,,,,,,,,,,,,,,,,,,,,,,,,,,,,,
E0,31/08/2019,Leicester,Bournemouth,3,1,H,2,1,H,P Bankes,13,8,5,2,9,11,4,5,1,3,0,0,,,,,,,,,,,,,,,,,,,,,,,,,,,,,,,,,,,,,,,,,,,,,,,,,,,,,,,,,,,,,,,,,,,,,,,,,,,,,,,,,,
E0,31/08/2019,Man City,Brighton,4,0,H,2,0,H,J Moss,15,6,6,2,10,6,8,1,1,1,0,0,,,,,,,,,,,,,,,,,,,,,,,,,,,,,,,,,,,,,,,,,,,,,,,,,,,,,,,,,,,,,,,,,,,,,,,,,,,,,,,,,,
E0,31/08/2019,Newcastle,Watford,1,1,D,1,1,D,G Scott,13,13,5,3,5,11,6,5,2,3,0,0,,,,,,,,,,,,,,,,,,,,,,,,,,,,,,,,,,,,,,,,,,,,,,,,,,,,,,,,,,,,,,,,,,,,,,,,,,,,,,,,,,
E0,31/08/2019,West Ham,Norwich,2,0,H,1,0,H,P Tierney,18,8,8,3,16,10,8,2,2,1,0,0,,,,,,,,,,,,,,,,,,,,,,,,,,,,,,,,,,,,,,,,,,,,,,,,,,,,,,,,,,,,,,,,,,,,,,,,,,,,,,,,,,
E0,31/08/2019,Burnley,Liverpool,0,3,A,0,2,A,C Kavanagh,7,15,2,7,10,16,6,4,0,0,0,0,,,,,,,,,,,,,,,,,,,,,,,,,,,,,,,,,,,,,,,,,,,,,,,,,,,,,,,,,,,,,,,,,,,,,,,,,,,,,,,,,,
E0,01/09/2019,Everton,Wolves,3,2,H,2,1,H,A Taylor,15,8,6,5,12,12,7,7,1,4,0,1,,,,,,,,,,,,,,,,,,,,,,,,,,,,,,,,,,,,,,,,,,,,,,,,,,,,,,,,,,,,,,,,,,,,,,,,,,,,,,,,,,
E0,01/09/2019,Arsenal,Tottenham,2,2,D,1,2,A,M Atkinson,26,13,8,9,13,19,11,6,3,5,0,0,,,,,,,,,,,,,,,,,,,,,,,,,,,,,,,,,,,,,,,,,,,,,,,,,,,,,,,,,,,,,,,,,,,,,,,,,,,,,,,,,,
E0,14/09/2019,Liverpool,Newcastle,3,1,H,2,1,H,A Marriner,21,8,9,1,5,4,10,1,0,0,0,0,,,,,,,,,,,,,,,,,,,,,,,,,,,,,,,,,,,,,,,,,,,,,,,,,,,,,,,,,,,,,,,,,,,,,,,,,,,,,,,,,,
E0,14/09/2019,Brighton,Burnley,1,1,D,0,0,D,M Oliver,14,7,5,1,13,7,3,6,0,2,0,0,,,,,,,,,,,,,,,,,,,,,,,,,,,,,,,,,,,,,,,,,,,,,,,,,,,,,,,,,,,,,,,,,,,,,,,,,,,,,,,,,,
E0,14/09/2019,Man United,Leicester,1,0,H,1,0,H,M Atkinson,10,9,5,3,14,14,3,9,1,2,0,0,,,,,,,,,,,,,,,,,,,,,,,,,,,,,,,,,,,,,,,,,,,,,,,,,,,,,,,,,,,,,,,,,,,,,,,,,,,,,,,,,,
E0,14/09/2019,Sheffield United,Southampton,0,1,A,0,0,D,L Mason,17,11,4,7,10,7,12,6,1,1,1,0,,,,,,,,,,,,,,,,,,,,,,,,,,,,,,,,,,,,,,,,,,,,,,,,,,,,,,,,,,,,,,,,,,,,,,,,,,,,,,,,,,
E0,14/09/2019,Tottenham,Crystal Palace,4,0,H,4,0,H,C Pawson,13,11,5,6,19,11,4,3,4,2,0,0,,,,,,,,,,,,,,,,,,,,,,,,,,,,,,,,,,,,,,,,,,,,,,,,,,,,,,,,,,,,,,,,,,,,,,,,,,,,,,,,,,
E0,14/09/2019,Wolves,Chelsea,2,5,A,0,3,A,G Scott,11,15,4,6,8,11,7,5,1,2,0,0,,,,,,,,,,,,,,,,,,,,,,,,,,,,,,,,,,,,,,,,,,,,,,,,,,,,,,,,,,,,,,,,,,,,,,,,,,,,,,,,,,
E0,14/09/2019,Norwich,Man City,3,2,H,2,1,H,K Friend,7,25,3,8,8,7,3,16,3,1,0,0,,,,,,,,,,,,,,,,,,,,,,,,,,,,,,,,,,,,,,,,,,,,,,,,,,,,,,,,,,,,,,,,,,,,,,,,,,,,,,,,,,
E0,15/09/2019,Bournemouth,Everton,3,1,H,1,1,D,P Tierney,13,14,6,5,5,14,7,7,0,4,0,0,,,,,,,,,,,,,,,,,,,,,,,,,,,,,,,,,,,,,,,,,,,,,,,,,,,,,,,,,,,,,,,,,,,,,,,,,,,,,,,,,,
E0,15/09/2019,Watford,Arsenal,2,2,D,0,2,A,A Taylor,31,10,7,4,14,4,7,1,3,3,0,0,,,,,,,,,,,,,,,,,,,,,,,,,,,,,,,,,,,,,,,,,,,,,,,,,,,,,,,,,,,,,,,,,,,,,,,,,,,,,,,,,,
E0,16/09/2019,Aston Villa,West Ham,0,0,D,0,0,D,M Dean,10,13,5,1,13,12,2,4,2,1,0,1,,,,,,,,,,,,,,,,,,,,,,,,,,,,,,,,,,,,,,,,,,,,,,,,,,,,,,,,,,,,,,,,,,,,,,,,,,,,,,,,,,
E0,20/09/2019,Southampton,Bournemouth,1,3,A,0,2,A,C Kavanagh,25,6,6,3,8,9,4,5,1,3,0,0,,,,,,,,,,,,,,,,,,,,,,,,,,,,,,,,,,,,,,,,,,,,,,,,,,,,,,,,,,,,,,,,,,,,,,,,,,,,,,,,,,
E0,21/09/2019,Leicester,Tottenham,2,1,H,0,1,A,P Tierney,16,11,7,4,16,13,8,2,1,2,0,0,,,,,,,,,,,,,,,,,,,,,,,,,,,,,,,,,,,,,,,,,,,,,,,,,,,,,,,,,,,,,,,,,,,,,,,,,,,,,,,,,,
E0,21/09/2019,Burnley,Norwich,2,0,H,2,0,H,D Coote,13,11,6,2,11,10,7,3,0,1,0,0,,,,,,,,,,,,,,,,,,,,,,,,,,,,,,,,,,,,,,,,,,,,,,,,,,,,,,,,,,,,,,,,,,,,,,,,,,,,,,,,,,
E0,21/09/2019,Everton,Sheffield United,0,2,A,0,1,A,S Hooper,16,2,3,1,9,9,12,3,1,3,0,0,,,,,,,,,,,,,,,,,,,,,,,,,,,,,,,,,,,,,,,,,,,,,,,,,,,,,,,,,,,,,,,,,,,,,,,,,,,,,,,,,,
E0,21/09/2019,Man City,Watford,8,0,H,5,0,H,M Dean,28,5,11,4,5,9,5,4,2,2,0,0,,,,,,,,,,,,,,,,,,,,,,,,,,,,,,,,,,,,,,,,,,,,,,,,,,,,,,,,,,,,,,,,,,,,,,,,,,,,,,,,,,
E0,21/09/2019,Newcastle,Brighton,0,0,D,0,0,D,M Atkinson,11,16,4,3,12,8,5,3,2,1,0,0,,,,,,,,,,,,,,,,,,,,,,,,,,,,,,,,,,,,,,,,,,,,,,,,,,,,,,,,,,,,,,,,,,,,,,,,,,,,,,,,,,
E0,22/09/2019,Crystal Palace,Wolves,1,1,D,0,0,D,S Attwell,13,14,4,4,7,10,6,7,2,1,0,1,,,,,,,,,,,,,,,,,,,,,,,,,,,,,,,,,,,,,,,,,,,,,,,,,,,,,,,,,,,,,,,,,,,,,,,,,,,,,,,,,,
E0,22/09/2019,West Ham,Man United,2,0,H,1,0,H,A Taylor,8,9,6,3,8,9,3,7,2,2,0,0,,,,,,,,,,,,,,,,,,,,,,,,,,,,,,,,,,,,,,,,,,,,,,,,,,,,,,,,,,,,,,,,,,,,,,,,,,,,,,,,,,
E0,22/09/2019,Arsenal,Aston Villa,3,2,H,0,1,A,J Moss,21,14,6,9,13,15,9,4,5,1,1,0,,,,,,,,,,,,,,,,,,,,,,,,,,,,,,,,,,,,,,,,,,,,,,,,,,,,,,,,,,,,,,,,,,,,,,,,,,,,,,,,,,
E0,22/09/2019,Chelsea,Liverpool,1,2,A,0,2,A,M Oliver,13,6,2,3,8,13,6,4,3,3,0,0,,,,,,,,,,,,,,,,,,,,,,,,,,,,,,,,,,,,,,,,,,,,,,,,,,,,,,,,,,,,,,,,,,,,,,,,,,,,,,,,,,
E0,28/09/2019,Sheffield United,Liverpool,0,1,A,0,0,D,A Taylor,12,16,2,4,8,4,6,5,1,1,0,0,,,,,,,,,,,,,,,,,,,,,,,,,,,,,,,,,,,,,,,,,,,,,,,,,,,,,,,,,,,,,,,,,,,,,,,,,,,,,,,,,,
E0,28/09/2019,Aston Villa,Burnley,2,2,D,1,0,H,L Mason,16,10,3,3,10,16,7,3,1,4,0,0,,,,,,,,,,,,,,,,,,,,,,,,,,,,,,,,,,,,,,,,,,,,,,,,,,,,,,,,,,,,,,,,,,,,,,,,,,,,,,,,,,
E0,28/09/2019,Bournemouth,West Ham,2,2,D,1,1,D,S Attwell,13,17,5,6,7,8,6,6,3,1,0,0,,,,,,,,,,,,,,,,,,,,,,,,,,,,,,,,,,,,,,,,,,,,,,,,,,,,,,,,,,,,,,,,,,,,,,,,,,,,,,,,,,
E0,28/09/2019,Chelsea,Brighton,2,0,H,0,0,D,C Kavanagh,24,8,10,1,5,13,5,2,2,3,0,0,,,,,,,,,,,,,,,,,,,,,,,,,,,,,,,,,,,,,,,,,,,,,,,,,,,,,,,,,,,,,,,,,,,,,,,,,,,,,,,,,,
E0,28/09/2019,Crystal Palace,Norwich,2,0,H,1,0,H,J Moss,15,10,3,3,14,10,5,5,3,1,0,0,,,,,,,,,,,,,,,,,,,,,,,,,,,,,,,,,,,,,,,,,,,,,,,,,,,,,,,,,,,,,,,,,,,,,,,,,,,,,,,,,,
E0,28/09/2019,Tottenham,Southampton,2,1,H,2,1,H,G Scott,9,14,4,6,5,16,6,6,0,2,1,0,,,,,,,,,,,,,,,,,,,,,,,,,,,,,,,,,,,,,,,,,,,,,,,,,,,,,,,,,,,,,,,,,,,,,,,,,,,,,,,,,,
E0,28/09/2019,Wolves,Watford,2,0,H,1,0,H,P Tierney,6,14,2,5,5,6,1,6,0,1,0,0,,,,,,,,,,,,,,,,,,,,,,,,,,,,,,,,,,,,,,,,,,,,,,,,,,,,,,,,,,,,,,,,,,,,,,,,,,,,,,,,,,
E0,28/09/2019,Everton,Man City,1,3,A,1,1,D,M Oliver,12,20,8,9,4,8,5,2,2,2,0,0,,,,,,,,,,,,,,,,,,,,,,,,,,,,,,,,,,,,,,,,,,,,,,,,,,,,,,,,,,,,,,,,,,,,,,,,,,,,,,,,,,
E0,29/09/2019,Leicester,Newcastle,5,0,H,1,0,H,C Pawson,13,3,5,0,12,9,9,0,1,1,0,1,,,,,,,,,,,,,,,,,,,,,,,,,,,,,,,,,,,,,,,,,,,,,,,,,,,,,,,,,,,,,,,,,,,,,,,,,,,,,,,,,,
E0,30/09/2019,Man United,Arsenal,1,1,D,1,0,H,K Friend,16,10,4,5,18,13,8,7,4,2,0,0,,,,,,,,,,,,,,,,,,,,,,,,,,,,,,,,,,,,,,,,,,,,,,,,,,,,,,,,,,,,,,,,,,,,,,,,,,,,,,,,,,
E0,05/10/2019,Brighton,Tottenham,3,0,H,2,0,H,J Moss,17,8,6,3,11,7,4,4,2,1,0,0,,,,,,,,,,,,,,,,,,,,,,,,,,,,,,,,,,,,,,,,,,,,,,,,,,,,,,,,,,,,,,,,,,,,,,,,,,,,,,,,,,
E0,05/10/2019,Burnley,Everton,1,0,H,0,0,D,G Scott,9,11,3,2,5,12,7,9,2,1,0,1,,,,,,,,,,,,,,,,,,,,,,,,,,,,,,,,,,,,,,,,,,,,,,,,,,,,,,,,,,,,,,,,,,,,,,,,,,,,,,,,,,
E0,05/10/2019,Liverpool,Leicester,2,1,H,1,0,H,C Kavanagh,18,2,8,1,9,17,4,6,1,4,0,0,,,,,,,,,,,,,,,,,,,,,,,,,,,,,,,,,,,,,,,,,,,,,,,,,,,,,,,,,,,,,,,,,,,,,,,,,,,,,,,,,,
E0,05/10/2019,Norwich,Aston Villa,1,5,A,0,2,A,A Madley,21,22,5,12,14,17,10,6,1,3,0,0,,,,,,,,,,,,,,,,,,,,,,,,,,,,,,,,,,,,,,,,,,,,,,,,,,,,,,,,,,,,,,,,,,,,,,,,,,,,,,,,,,
E0,05/10/2019,Watford,Sheffield United,0,0,D,0,0,D,A Marriner,8,9,2,3,7,6,7,7,0,2,0,0,,,,,,,,,,,,,,,,,,,,,,,,,,,,,,,,,,,,,,,,,,,,,,,,,,,,,,,,,,,,,,,,,,,,,,,,,,,,,,,,,,
E0,05/10/2019,West Ham,Crystal Palace,1,2,A,0,0,D,M Oliver,9,7,4,4,11,7,2,2,3,2,0,0,,,,,,,,,,,,,,,,,,,,,,,,,,,,,,,,,,,,,,,,,,,,,,,,,,,,,,,,,,,,,,,,,,,,,,,,,,,,,,,,,,
E0,06/10/2019,Arsenal,Bournemouth,1,0,H,1,0,H,M Atkinson,12,10,2,2,12,6,14,5,1,2,0,0,,,,,,,,,,,,,,,,,,,,,,,,,,,,,,,,,,,,,,,,,,,,,,,,,,,,,,,,,,,,,,,,,,,,,,,,,,,,,,,,,,
E0,06/10/2019,Man City,Wolves,0,2,A,0,0,D,C Pawson,18,7,2,2,11,14,9,1,5,2,0,0,,,,,,,,,,,,,,,,,,,,,,,,,,,,,,,,,,,,,,,,,,,,,,,,,,,,,,,,,,,,,,,,,,,,,,,,,,,,,,,,,,
E0,06/10/2019,Southampton,Chelsea,1,4,A,1,3,A,P Tierney,10,13,3,7,8,15,3,4,0,1,0,0,,,,,,,,,,,,,,,,,,,,,,,,,,,,,,,,,,,,,,,,,,,,,,,,,,,,,,,,,,,,,,,,,,,,,,,,,,,,,,,,,,
E0,06/10/2019,Newcastle,Man United,1,0,H,0,0,D,M Dean,12,12,2,3,12,10,4,6,3,3,0,0,,,,,,,,,,,,,,,,,,,,,,,,,,,,,,,,,,,,,,,,,,,,,,,,,,,,,,,,,,,,,,,,,,,,,,,,,,,,,,,,,,
E0,19/10/2019,Everton,West Ham,2,0,H,1,0,H,P Tierney,19,8,10,4,15,15,11,2,2,2,0,0,,,,,,,,,,,,,,,,,,,,,,,,,,,,,,,,,,,,,,,,,,,,,,,,,,,,,,,,,,,,,,,,,,,,,,,,,,,,,,,,,,
E0,19/10/2019,Aston Villa,Brighton,2,1,H,1,1,D,D Coote,24,20,8,5,9,17,7,5,1,2,0,1,,,,,,,,,,,,,,,,,,,,,,,,,,,,,,,,,,,,,,,,,,,,,,,,,,,,,,,,,,,,,,,,,,,,,,,,,,,,,,,,,,
E0,19/10/2019,Bournemouth,Norwich,0,0,D,0,0,D,L Mason,11,10,2,1,8,11,6,7,1,3,0,0,,,,,,,,,,,,,,,,,,,,,,,,,,,,,,,,,,,,,,,,,,,,,,,,,,,,,,,,,,,,,,,,,,,,,,,,,,,,,,,,,,
E0,19/10/2019,Chelsea,Newcastle,1,0,H,0,0,D,A Marriner,16,5,8,0,9,12,11,0,2,1,0,0,,,,,,,,,,,,,,,,,,,,,,,,,,,,,,,,,,,,,,,,,,,,,,,,,,,,,,,,,,,,,,,,,,,,,,,,,,,,,,,,,,
E0,19/10/2019,Leicester,Burnley,2,1,H,1,1,D,J Moss,19,13,3,4,4,10,9,4,0,3,0,0,,,,,,,,,,,,,,,,,,,,,,,,,,,,,,,,,,,,,,,,,,,,,,,,,,,,,,,,,,,,,,,,,,,,,,,,,,,,,,,,,,
E0,19/10/2019,Tottenham,Watford,1,1,D,0,1,A,C Kavanagh,12,7,2,2,5,9,11,2,4,3,0,0,,,,,,,,,,,,,,,,,,,,,,,,,,,,,,,,,,,,,,,,,,,,,,,,,,,,,,,,,,,,,,,,,,,,,,,,,,,,,,,,,,
E0,19/10/2019,Wolves,Southampton,1,1,D,0,0,D,P Bankes,4,14,1,5,10,17,1,3,3,2,0,0,,,,,,,,,,,,,,,,,,,,,,,,,,,,,,,,,,,,,,,,,,,,,,,,,,,,,,,,,,,,,,,,,,,,,,,,,,,,,,,,,,
E0,19/10/2019,Crystal Palace,Man City,0,2,A,0,2,A,A Taylor,7,21,2,10,8,10,1,8,1,1,0,0,,,,,,,,,,,,,,,,,,,,,,,,,,,,,,,,,,,,,,,,,,,,,,,,,,,,,,,,,,,,,,,,,,,,,,,,,,,,,,,,,,
E0,20/10/2019,Man United,Liverpool,1,1,D,1,0,H,M Atkinson,7,10,2,4,6,14,3,1,0,1,0,0,,,,,,,,,,,,,,,,,,,,,,,,,,,,,,,,,,,,,,,,,,,,,,,,,,,,,,,,,,,,,,,,,,,,,,,,,,,,,,,,,,
E0,21/10/2019,Sheffield United,Arsenal,1,0,H,1,0,H,M Dean,8,9,2,3,10,12,7,12,4,4,0,0,,,,,,,,,,,,,,,,,,,,,,,,,,,,,,,,,,,,,,,,,,,,,,,,,,,,,,,,,,,,,,,,,,,,,,,,,,,,,,,,,,
E0,25/10/2019,Southampton,Leicester,0,9,A,0,5,A,A Marriner,6,25,3,15,3,12,2,7,0,0,1,0,,,,,,,,,,,,,,,,,,,,,,,,,,,,,,,,,,,,,,,,,,,,,,,,,,,,,,,,,,,,,,,,,,,,,,,,,,,,,,,,,,
E0,26/10/2019,Man City,Aston Villa,3,0,H,0,0,D,G Scott,25,11,9,5,10,5,13,7,1,1,1,0,,,,,,,,,,,,,,,,,,,,,,,,,,,,,,,,,,,,,,,,,,,,,,,,,,,,,,,,,,,,,,,,,,,,,,,,,,,,,,,,,,
E0,26/10/2019,Brighton,Everton,3,2,H,1,1,D,A Madley,8,10,4,6,12,12,0,5,2,1,0,0,,,,,,,,,,,,,,,,,,,,,,,,,,,,,,,,,,,,,,,,,,,,,,,,,,,,,,,,,,,,,,,,,,,,,,,,,,,,,,,,,,
E0,26/10/2019,Watford,Bournemouth,0,0,D,0,0,D,M Dean,7,15,3,5,14,8,5,10,5,3,0,0,,,,,,,,,,,,,,,,,,,,,,,,,,,,,,,,,,,,,,,,,,,,,,,,,,,,,,,,,,,,,,,,,,,,,,,,,,,,,,,,,,
E0,26/10/2019,West Ham,Sheffield United,1,1,D,1,0,H,D Coote,12,10,4,4,7,10,10,4,2,2,0,0,,,,,,,,,,,,,,,,,,,,,,,,,,,,,,,,,,,,,,,,,,,,,,,,,,,,,,,,,,,,,,,,,,,,,,,,,,,,,,,,,,
E0,26/10/2019,Burnley,Chelsea,2,4,A,0,2,A,M Oliver,13,16,5,7,7,8,5,6,3,2,0,0,,,,,,,,,,,,,,,,,,,,,,,,,,,,,,,,,,,,,,,,,,,,,,,,,,,,,,,,,,,,,,,,,,,,,,,,,,,,,,,,,,
E0,27/10/2019,Newcastle,Wolves,1,1,D,1,0,H,K Friend,13,13,2,5,8,15,3,6,2,2,1,0,,,,,,,,,,,,,,,,,,,,,,,,,,,,,,,,,,,,,,,,,,,,,,,,,,,,,,,,,,,,,,,,,,,,,,,,,,,,,,,,,,
E0,27/10/2019,Arsenal,Crystal Palace,2,2,D,2,1,H,M Atkinson,15,10,6,4,18,9,12,5,2,0,0,0,,,,,,,,,,,,,,,,,,,,,,,,,,,,,,,,,,,,,,,,,,,,,,,,,,,,,,,,,,,,,,,,,,,,,,,,,,,,,,,,,,
E0,27/10/2019,Liverpool,Tottenham,2,1,H,0,1,A,A Taylor,21,11,13,4,9,11,8,3,3,3,0,0,,,,,,,,,,,,,,,,,,,,,,,,,,,,,,,,,,,,,,,,,,,,,,,,,,,,,,,,,,,,,,,,,,,,,,,,,,,,,,,,,,
E0,27/10/2019,Norwich,Man United,1,3,A,0,2,A,S Attwell,10,21,3,11,13,10,1,10,2,2,0,0,,,,,,,,,,,,,,,,,,,,,,,,,,,,,,,,,,,,,,,,,,,,,,,,,,,,,,,,,,,,,,,,,,,,,,,,,,,,,,,,,,
E0,02/11/2019,Bournemouth,Man United,1,0,H,1,0,H,C Kavanagh,12,15,6,4,14,12,4,10,4,3,0,0,,,,,,,,,,,,,,,,,,,,,,,,,,,,,,,,,,,,,,,,,,,,,,,,,,,,,,,,,,,,,,,,,,,,,,,,,,,,,,,,,,
E0,02/11/2019,Arsenal,Wolves,1,1,D,1,0,H,M Oliver,10,25,4,8,6,15,8,9,0,2,0,0,,,,,,,,,,,,,,,,,,,,,,,,,,,,,,,,,,,,,,,,,,,,,,,,,,,,,,,,,,,,,,,,,,,,,,,,,,,,,,,,,,
E0,02/11/2019,Aston Villa,Liverpool,1,2,A,1,0,H,J Moss,5,25,2,6,12,9,2,10,1,2,0,0,,,,,,,,,,,,,,,,,,,,,,,,,,,,,,,,,,,,,,,,,,,,,,,,,,,,,,,,,,,,,,,,,,,,,,,,,,,,,,,,,,
E0,02/11/2019,Brighton,Norwich,2,0,H,0,0,D,K Friend,21,7,5,0,11,8,8,3,0,1,0,0,,,,,,,,,,,,,,,,,,,,,,,,,,,,,,,,,,,,,,,,,,,,,,,,,,,,,,,,,,,,,,,,,,,,,,,,,,,,,,,,,,
E0,02/11/2019,Man City,Southampton,2,1,H,0,1,A,L Mason,26,3,4,3,11,10,17,0,3,1,0,0,,,,,,,,,,,,,,,,,,,,,,,,,,,,,,,,,,,,,,,,,,,,,,,,,,,,,,,,,,,,,,,,,,,,,,,,,,,,,,,,,,
E0,02/11/2019,Sheffield United,Burnley,3,0,H,3,0,H,S Hooper,13,6,6,0,8,12,7,6,1,2,0,0,,,,,,,,,,,,,,,,,,,,,,,,,,,,,,,,,,,,,,,,,,,,,,,,,,,,,,,,,,,,,,,,,,,,,,,,,,,,,,,,,,
E0,02/11/2019,West Ham,Newcastle,2,3,A,0,2,A,S Attwell,16,12,6,9,10,7,7,3,2,1,0,0,,,,,,,,,,,,,,,,,,,,,,,,,,,,,,,,,,,,,,,,,,,,,,,,,,,,,,,,,,,,,,,,,,,,,,,,,,,,,,,,,,
E0,02/11/2019,Watford,Chelsea,1,2,A,0,1,A,A Taylor,12,16,3,10,8,5,1,6,4,2,0,0,,,,,,,,,,,,,,,,,,,,,,,,,,,,,,,,,,,,,,,,,,,,,,,,,,,,,,,,,,,,,,,,,,,,,,,,,,,,,,,,,,
E0,03/11/2019,Crystal Palace,Leicester,0,2,A,0,0,D,P Tierney,12,14,3,5,15,16,5,6,2,2,0,0,,,,,,,,,,,,,,,,,,,,,,,,,,,,,,,,,,,,,,,,,,,,,,,,,,,,,,,,,,,,,,,,,,,,,,,,,,,,,,,,,,
E0,03/11/2019,Everton,Tottenham,1,1,D,0,0,D,M Atkinson,7,4,3,2,9,8,5,2,1,2,0,1,,,,,,,,,,,,,,,,,,,,,,,,,,,,,,,,,,,,,,,,,,,,,,,,,,,,,,,,,,,,,,,,,,,,,,,,,,,,,,,,,,
E0,08/11/2019,Norwich,Watford,0,2,A,0,1,A,A Marriner,17,12,5,2,7,13,10,4,1,2,0,1,,,,,,,,,,,,,,,,,,,,,,,,,,,,,,,,,,,,,,,,,,,,,,,,,,,,,,,,,,,,,,,,,,,,,,,,,,,,,,,,,,
E0,09/11/2019,Chelsea,Crystal Palace,2,0,H,0,0,D,M Dean,23,3,5,1,9,17,7,0,3,2,0,0,,,,,,,,,,,,,,,,,,,,,,,,,,,,,,,,,,,,,,,,,,,,,,,,,,,,,,,,,,,,,,,,,,,,,,,,,,,,,,,,,,
E0,09/11/2019,Burnley,West Ham,3,0,H,2,0,H,K Friend,14,7,12,4,17,10,11,4,2,1,0,0,,,,,,,,,,,,,,,,,,,,,,,,,,,,,,,,,,,,,,,,,,,,,,,,,,,,,,,,,,,,,,,,,,,,,,,,,,,,,,,,,,
E0,09/11/2019,Newcastle,Bournemouth,2,1,H,1,1,D,M Atkinson,20,16,9,3,10,5,5,4,2,0,0,0,,,,,,,,,,,,,,,,,,,,,,,,,,,,,,,,,,,,,,,,,,,,,,,,,,,,,,,,,,,,,,,,,,,,,,,,,,,,,,,,,,
E0,09/11/2019,Southampton,Everton,1,2,A,0,1,A,P Tierney,4,24,3,5,12,12,5,9,1,1,0,0,,,,,,,,,,,,,,,,,,,,,,,,,,,,,,,,,,,,,,,,,,,,,,,,,,,,,,,,,,,,,,,,,,,,,,,,,,,,,,,,,,
E0,09/11/2019,Tottenham,Sheffield United,1,1,D,0,0,D,G Scott,17,14,5,4,6,9,4,4,2,2,0,0,,,,,,,,,,,,,,,,,,,,,,,,,,,,,,,,,,,,,,,,,,,,,,,,,,,,,,,,,,,,,,,,,,,,,,,,,,,,,,,,,,
E0,09/11/2019,Leicester,Arsenal,2,0,H,0,0,D,C Kavanagh,19,8,7,1,10,10,5,4,1,1,0,0,,,,,,,,,,,,,,,,,,,,,,,,,,,,,,,,,,,,,,,,,,,,,,,,,,,,,,,,,,,,,,,,,,,,,,,,,,,,,,,,,,
E0,10/11/2019,Man United,Brighton,3,1,H,2,0,H,J Moss,21,6,11,2,10,14,5,2,2,5,0,0,,,,,,,,,,,,,,,,,,,,,,,,,,,,,,,,,,,,,,,,,,,,,,,,,,,,,,,,,,,,,,,,,,,,,,,,,,,,,,,,,,
E0,10/11/2019,Wolves,Aston Villa,2,1,H,1,0,H,A Taylor,17,13,5,4,17,8,6,3,4,3,0,0,,,,,,,,,,,,,,,,,,,,,,,,,,,,,,,,,,,,,,,,,,,,,,,,,,,,,,,,,,,,,,,,,,,,,,,,,,,,,,,,,,
E0,10/11/2019,Liverpool,Man City,3,1,H,2,0,H,M Oliver,12,18,5,3,10,5,4,13,0,2,0,0,,,,,,,,,,,,,,,,,,,,,,,,,,,,,,,,,,,,,,,,,,,,,,,,,,,,,,,,,,,,,,,,,,,,,,,,,,,,,,,,,,
E0,23/11/2019,West Ham,Tottenham,2,3,A,0,2,A,M Oliver,11,15,4,6,12,14,3,7,3,2,0,0,,,,,,,,,,,,,,,,,,,,,,,,,,,,,,,,,,,,,,,,,,,,,,,,,,,,,,,,,,,,,,,,,,,,,,,,,,,,,,,,,,
E0,23/11/2019,Arsenal,Southampton,2,2,D,1,1,D,S Attwell,12,21,5,6,13,19,6,8,6,2,0,0,,,,,,,,,,,,,,,,,,,,,,,,,,,,,,,,,,,,,,,,,,,,,,,,,,,,,,,,,,,,,,,,,,,,,,,,,,,,,,,,,,
E0,23/11/2019,Bournemouth,Wolves,1,2,A,0,2,A,S Hooper,9,17,2,7,10,12,5,9,2,1,1,0,,,,,,,,,,,,,,,,,,,,,,,,,,,,,,,,,,,,,,,,,,,,,,,,,,,,,,,,,,,,,,,,,,,,,,,,,,,,,,,,,,
E0,23/11/2019,Brighton,Leicester,0,2,A,0,0,D,M Dean,7,19,0,9,9,1,6,7,2,0,0,0,,,,,,,,,,,,,,,,,,,,,,,,,,,,,,,,,,,,,,,,,,,,,,,,,,,,,,,,,,,,,,,,,,,,,,,,,,,,,,,,,,
E0,23/11/2019,Crystal Palace,Liverpool,1,2,A,0,0,D,K Friend,16,12,6,4,8,7,9,8,0,1,0,0,,,,,,,,,,,,,,,,,,,,,,,,,,,,,,,,,,,,,,,,,,,,,,,,,,,,,,,,,,,,,,,,,,,,,,,,,,,,,,,,,,
E0,23/11/2019,Everton,Norwich,0,2,A,0,0,D,A Taylor,18,13,7,5,12,11,7,7,3,5,0,0,,,,,,,,,,,,,,,,,,,,,,,,,,,,,,,,,,,,,,,,,,,,,,,,,,,,,,,,,,,,,,,,,,,,,,,,,,,,,,,,,,
E0,23/11/2019,Watford,Burnley,0,3,A,0,0,D,P Tierney,15,11,4,5,14,13,7,5,0,3,0,0,,,,,,,,,,,,,,,,,,,,,,,,,,,,,,,,,,,,,,,,,,,,,,,,,,,,,,,,,,,,,,,,,,,,,,,,,,,,,,,,,,
E0,23/11/2019,Man City,Chelsea,2,1,H,2,1,H,M Atkinson,15,11,4,2,5,9,8,2,1,1,0,0,,,,,,,,,,,,,,,,,,,,,,,,,,,,,,,,,,,,,,,,,,,,,,,,,,,,,,,,,,,,,,,,,,,,,,,,,,,,,,,,,,
E0,24/11/2019,Sheffield United,Man United,3,3,D,1,0,H,A Marriner,12,11,8,5,13,10,6,3,1,2,0,0,,,,,,,,,,,,,,,,,,,,,,,,,,,,,,,,,,,,,,,,,,,,,,,,,,,,,,,,,,,,,,,,,,,,,,,,,,,,,,,,,,
E0,25/11/2019,Aston Villa,Newcastle,2,0,H,2,0,H,L Mason,17,11,8,5,10,9,11,6,1,1,0,0,,,,,,,,,,,,,,,,,,,,,,,,,,,,,,,,,,,,,,,,,,,,,,,,,,,,,,,,,,,,,,,,,,,,,,,,,,,,,,,,,,
E0,30/11/2019,Newcastle,Man City,2,2,D,1,1,D,C Kavanagh,6,24,3,9,4,6,1,10,1,2,0,0,,,,,,,,,,,,,,,,,,,,,,,,,,,,,,,,,,,,,,,,,,,,,,,,,,,,,,,,,,,,,,,,,,,,,,,,,,,,,,,,,,
E0,30/11/2019,Burnley,Crystal Palace,0,2,A,0,1,A,P Bankes,15,7,4,2,13,10,5,6,2,0,0,0,,,,,,,,,,,,,,,,,,,,,,,,,,,,,,,,,,,,,,,,,,,,,,,,,,,,,,,,,,,,,,,,,,,,,,,,,,,,,,,,,,
E0,30/11/2019,Chelsea,West Ham,0,1,A,0,0,D,J Moss,19,5,6,4,0,16,9,3,0,3,0,0,,,,,,,,,,,,,,,,,,,,,,,,,,,,,,,,,,,,,,,,,,,,,,,,,,,,,,,,,,,,,,,,,,,,,,,,,,,,,,,,,,
E0,30/11/2019,Liverpool,Brighton,2,1,H,2,0,H,M Atkinson,15,12,7,5,3,10,4,5,0,0,1,0,,,,,,,,,,,,,,,,,,,,,,,,,,,,,,,,,,,,,,,,,,,,,,,,,,,,,,,,,,,,,,,,,,,,,,,,,,,,,,,,,,
E0,30/11/2019,Tottenham,Bournemouth,3,2,H,1,0,H,L Mason,15,20,5,6,10,12,4,8,0,2,0,0,,,,,,,,,,,,,,,,,,,,,,,,,,,,,,,,,,,,,,,,,,,,,,,,,,,,,,,,,,,,,,,,,,,,,,,,,,,,,,,,,,
E0,30/11/2019,Southampton,Watford,2,1,H,0,1,A,M Oliver,11,6,6,3,6,10,6,7,1,0,0,0,,,,,,,,,,,,,,,,,,,,,,,,,,,,,,,,,,,,,,,,,,,,,,,,,,,,,,,,,,,,,,,,,,,,,,,,,,,,,,,,,,
E0,01/12/2019,Norwich,Arsenal,2,2,D,2,1,H,P Tierney,15,16,8,7,8,10,7,12,2,1,0,0,,,,,,,,,,,,,,,,,,,,,,,,,,,,,,,,,,,,,,,,,,,,,,,,,,,,,,,,,,,,,,,,,,,,,,,,,,,,,,,,,,
E0,01/12/2019,Wolves,Sheffield United,1,1,D,0,1,A,D Coote,13,9,3,4,12,18,7,2,1,4,0,0,,,,,,,,,,,,,,,,,,,,,,,,,,,,,,,,,,,,,,,,,,,,,,,,,,,,,,,,,,,,,,,,,,,,,,,,,,,,,,,,,,
E0,01/12/2019,Leicester,Everton,2,1,H,0,1,A,G Scott,16,11,6,3,7,9,4,4,0,1,0,0,,,,,,,,,,,,,,,,,,,,,,,,,,,,,,,,,,,,,,,,,,,,,,,,,,,,,,,,,,,,,,,,,,,,,,,,,,,,,,,,,,
E0,01/12/2019,Man United,Aston Villa,2,2,D,1,1,D,C Pawson,16,9,6,3,16,8,9,9,4,1,0,0,,,,,,,,,,,,,,,,,,,,,,,,,,,,,,,,,,,,,,,,,,,,,,,,,,,,,,,,,,,,,,,,,,,,,,,,,,,,,,,,,,
E0,03/12/2019,Crystal Palace,Bournemouth,1,0,H,0,0,D,A Taylor,7,6,2,3,6,15,6,9,3,3,1,0,,,,,,,,,,,,,,,,,,,,,,,,,,,,,,,,,,,,,,,,,,,,,,,,,,,,,,,,,,,,,,,,,,,,,,,,,,,,,,,,,,
E0,03/12/2019,Burnley,Man City,1,4,A,0,1,A,J Moss,4,17,2,8,9,6,3,6,1,1,0,0,,,,,,,,,,,,,,,,,,,,,,,,,,,,,,,,,,,,,,,,,,,,,,,,,,,,,,,,,,,,,,,,,,,,,,,,,,,,,,,,,,
E0,04/12/2019,Chelsea,Aston Villa,2,1,H,1,1,D,C Kavanagh,25,9,9,3,18,10,9,5,2,1,0,0,,,,,,,,,,,,,,,,,,,,,,,,,,,,,,,,,,,,,,,,,,,,,,,,,,,,,,,,,,,,,,,,,,,,,,,,,,,,,,,,,,
E0,04/12/2019,Leicester,Watford,2,0,H,0,0,D,C Pawson,12,4,6,1,13,16,7,2,3,2,0,0,,,,,,,,,,,,,,,,,,,,,,,,,,,,,,,,,,,,,,,,,,,,,,,,,,,,,,,,,,,,,,,,,,,,,,,,,,,,,,,,,,
E0,04/12/2019,Man United,Tottenham,2,1,H,1,1,D,P Tierney,12,8,7,5,9,9,4,3,0,1,0,0,,,,,,,,,,,,,,,,,,,,,,,,,,,,,,,,,,,,,,,,,,,,,,,,,,,,,,,,,,,,,,,,,,,,,,,,,,,,,,,,,,
E0,04/12/2019,Southampton,Norwich,2,1,H,2,0,H,K Friend,14,10,5,3,12,7,6,1,1,1,0,0,,,,,,,,,,,,,,,,,,,,,,,,,,,,,,,,,,,,,,,,,,,,,,,,,,,,,,,,,,,,,,,,,,,,,,,,,,,,,,,,,,
E0,04/12/2019,Wolves,West Ham,2,0,H,1,0,H,A Marriner,13,6,7,3,8,9,5,4,1,2,0,0,,,,,,,,,,,,,,,,,,,,,,,,,,,,,,,,,,,,,,,,,,,,,,,,,,,,,,,,,,,,,,,,,,,,,,,,,,,,,,,,,,
E0,04/12/2019,Liverpool,Everton,5,2,H,4,2,H,M Dean,11,12,5,4,13,17,5,6,1,2,0,0,,,,,,,,,,,,,,,,,,,,,,,,,,,,,,,,,,,,,,,,,,,,,,,,,,,,,,,,,,,,,,,,,,,,,,,,,,,,,,,,,,
E0,05/12/2019,Sheffield United,Newcastle,0,2,A,0,1,A,S Attwell,13,6,6,4,10,6,8,1,2,0,0,0,,,,,,,,,,,,,,,,,,,,,,,,,,,,,,,,,,,,,,,,,,,,,,,,,,,,,,,,,,,,,,,,,,,,,,,,,,,,,,,,,,
E0,05/12/2019,Arsenal,Brighton,1,2,A,0,1,A,G Scott,12,20,5,9,10,11,9,9,3,1,0,0,,,,,,,,,,,,,,,,,,,,,,,,,,,,,,,,,,,,,,,,,,,,,,,,,,,,,,,,,,,,,,,,,,,,,,,,,,,,,,,,,,
E0,07/12/2019,Everton,Chelsea,3,1,H,1,0,H,C Pawson,13,15,7,4,14,9,1,5,3,0,0,0,,,,,,,,,,,,,,,,,,,,,,,,,,,,,,,,,,,,,,,,,,,,,,,,,,,,,,,,,,,,,,,,,,,,,,,,,,,,,,,,,,
E0,07/12/2019,Bournemouth,Liverpool,0,3,A,0,2,A,C Kavanagh,3,21,0,9,5,6,1,3,0,1,0,0,,,,,,,,,,,,,,,,,,,,,,,,,,,,,,,,,,,,,,,,,,,,,,,,,,,,,,,,,,,,,,,,,,,,,,,,,,,,,,,,,,
E0,07/12/2019,Tottenham,Burnley,5,0,H,3,0,H,K Friend,13,7,7,1,12,8,1,1,1,1,0,0,,,,,,,,,,,,,,,,,,,,,,,,,,,,,,,,,,,,,,,,,,,,,,,,,,,,,,,,,,,,,,,,,,,,,,,,,,,,,,,,,,
E0,07/12/2019,Watford,Crystal Palace,0,0,D,0,0,D,M Atkinson,13,3,3,0,15,16,6,2,4,2,0,0,,,,,,,,,,,,,,,,,,,,,,,,,,,,,,,,,,,,,,,,,,,,,,,,,,,,,,,,,,,,,,,,,,,,,,,,,,,,,,,,,,
E0,07/12/2019,Man City,Man United,1,2,A,0,2,A,A Taylor,22,11,5,7,10,10,16,3,3,2,0,0,,,,,,,,,,,,,,,,,,,,,,,,,,,,,,,,,,,,,,,,,,,,,,,,,,,,,,,,,,,,,,,,,,,,,,,,,,,,,,,,,,
E0,08/12/2019,Aston Villa,Leicester,1,4,A,1,2,A,M Oliver,15,23,2,8,21,15,8,5,6,2,0,0,,,,,,,,,,,,,,,,,,,,,,,,,,,,,,,,,,,,,,,,,,,,,,,,,,,,,,,,,,,,,,,,,,,,,,,,,,,,,,,,,,
E0,08/12/2019,Newcastle,Southampton,2,1,H,0,0,D,D Coote,12,19,6,4,11,17,3,12,1,3,0,0,,,,,,,,,,,,,,,,,,,,,,,,,,,,,,,,,,,,,,,,,,,,,,,,,,,,,,,,,,,,,,,,,,,,,,,,,,,,,,,,,,
E0,08/12/2019,Norwich,Sheffield United,1,2,A,1,0,H,S Hooper,14,9,4,3,6,12,9,1,0,4,0,0,,,,,,,,,,,,,,,,,,,,,,,,,,,,,,,,,,,,,,,,,,,,,,,,,,,,,,,,,,,,,,,,,,,,,,,,,,,,,,,,,,
E0,08/12/2019,Brighton,Wolves,2,2,D,2,2,D,J Moss,13,13,4,5,10,7,3,4,3,0,0,0,,,,,,,,,,,,,,,,,,,,,,,,,,,,,,,,,,,,,,,,,,,,,,,,,,,,,,,,,,,,,,,,,,,,,,,,,,,,,,,,,,
E0,09/12/2019,West Ham,Arsenal,1,3,A,1,0,H,M Dean,11,10,4,3,12,6,4,3,2,0,0,0,,,,,,,,,,,,,,,,,,,,,,,,,,,,,,,,,,,,,,,,,,,,,,,,,,,,,,,,,,,,,,,,,,,,,,,,,,,,,,,,,,
E0,14/12/2019,Liverpool,Watford,2,0,H,1,0,H,A Marriner,16,8,6,2,8,6,6,3,2,1,0,0,,,,,,,,,,,,,,,,,,,,,,,,,,,,,,,,,,,,,,,,,,,,,,,,,,,,,,,,,,,,,,,,,,,,,,,,,,,,,,,,,,
E0,14/12/2019,Burnley,Newcastle,1,0,H,0,0,D,T Robinson,7,9,4,0,15,12,4,3,0,2,0,0,,,,,,,,,,,,,,,,,,,,,,,,,,,,,,,,,,,,,,,,,,,,,,,,,,,,,,,,,,,,,,,,,,,,,,,,,,,,,,,,,,
E0,14/12/2019,Chelsea,Bournemouth,0,1,A,0,0,D,G Scott,18,11,5,2,9,14,9,4,1,2,0,0,,,,,,,,,,,,,,,,,,,,,,,,,,,,,,,,,,,,,,,,,,,,,,,,,,,,,,,,,,,,,,,,,,,,,,,,,,,,,,,,,,
E0,14/12/2019,Leicester,Norwich,1,1,D,1,1,D,A Madley,18,10,5,3,11,15,12,4,0,4,0,0,,,,,,,,,,,,,,,,,,,,,,,,,,,,,,,,,,,,,,,,,,,,,,,,,,,,,,,,,,,,,,,,,,,,,,,,,,,,,,,,,,
E0,14/12/2019,Sheffield United,Aston Villa,2,0,H,0,0,D,P Bankes,7,8,3,0,10,9,3,2,2,2,0,0,,,,,,,,,,,,,,,,,,,,,,,,,,,,,,,,,,,,,,,,,,,,,,,,,,,,,,,,,,,,,,,,,,,,,,,,,,,,,,,,,,
E0,14/12/2019,Southampton,West Ham,0,1,A,0,1,A,M Atkinson,11,11,2,4,9,14,5,8,1,3,0,0,,,,,,,,,,,,,,,,,,,,,,,,,,,,,,,,,,,,,,,,,,,,,,,,,,,,,,,,,,,,,,,,,,,,,,,,,,,,,,,,,,
E0,15/12/2019,Man United,Everton,1,1,D,0,1,A,M Oliver,24,8,8,3,10,12,6,5,1,2,0,0,,,,,,,,,,,,,,,,,,,,,,,,,,,,,,,,,,,,,,,,,,,,,,,,,,,,,,,,,,,,,,,,,,,,,,,,,,,,,,,,,,
E0,15/12/2019,Wolves,Tottenham,1,2,A,0,1,A,S Attwell,18,9,5,5,14,10,11,2,4,4,0,0,,,,,,,,,,,,,,,,,,,,,,,,,,,,,,,,,,,,,,,,,,,,,,,,,,,,,,,,,,,,,,,,,,,,,,,,,,,,,,,,,,
E0,15/12/2019,Arsenal,Man City,0,3,A,0,3,A,P Tierney,6,14,1,7,9,24,3,3,1,4,0,0,,,,,,,,,,,,,,,,,,,,,,,,,,,,,,,,,,,,,,,,,,,,,,,,,,,,,,,,,,,,,,,,,,,,,,,,,,,,,,,,,,
E0,16/12/2019,Crystal Palace,Brighton,1,1,D,0,0,D,C Pawson,11,15,4,10,7,12,3,7,1,1,0,0,,,,,,,,,,,,,,,,,,,,,,,,,,,,,,,,,,,,,,,,,,,,,,,,,,,,,,,,,,,,,,,,,,,,,,,,,,,,,,,,,,
E0,21/12/2019,Everton,Arsenal,0,0,D,0,0,D,K Friend,9,6,0,2,10,11,5,4,2,3,0,0,,,,,,,,,,,,,,,,,,,,,,,,,,,,,,,,,,,,,,,,,,,,,,,,,,,,,,,,,,,,,,,,,,,,,,,,,,,,,,,,,,
E0,21/12/2019,Aston Villa,Southampton,1,3,A,0,2,A,C Pawson,19,17,6,8,16,15,7,5,2,1,0,0,,,,,,,,,,,,,,,,,,,,,,,,,,,,,,,,,,,,,,,,,,,,,,,,,,,,,,,,,,,,,,,,,,,,,,,,,,,,,,,,,,
E0,21/12/2019,Bournemouth,Burnley,0,1,A,0,0,D,M Atkinson,3,2,0,1,13,21,4,5,2,4,0,0,,,,,,,,,,,,,,,,,,,,,,,,,,,,,,,,,,,,,,,,,,,,,,,,,,,,,,,,,,,,,,,,,,,,,,,,,,,,,,,,,,
E0,21/12/2019,Brighton,Sheffield United,0,1,A,0,1,A,R Jones,9,7,2,2,6,11,4,3,1,3,0,0,,,,,,,,,,,,,,,,,,,,,,,,,,,,,,,,,,,,,,,,,,,,,,,,,,,,,,,,,,,,,,,,,,,,,,,,,,,,,,,,,,
E0,21/12/2019,Newcastle,Crystal Palace,1,0,H,0,0,D,S Hooper,8,16,3,4,12,11,4,5,2,0,0,0,,,,,,,,,,,,,,,,,,,,,,,,,,,,,,,,,,,,,,,,,,,,,,,,,,,,,,,,,,,,,,,,,,,,,,,,,,,,,,,,,,
E0,21/12/2019,Norwich,Wolves,1,2,A,1,0,H,P Bankes,13,14,7,4,7,14,3,11,2,4,0,0,,,,,,,,,,,,,,,,,,,,,,,,,,,,,,,,,,,,,,,,,,,,,,,,,,,,,,,,,,,,,,,,,,,,,,,,,,,,,,,,,,
E0,21/12/2019,Man City,Leicester,3,1,H,2,1,H,M Dean,23,5,12,2,14,9,6,1,2,2,0,0,,,,,,,,,,,,,,,,,,,,,,,,,,,,,,,,,,,,,,,,,,,,,,,,,,,,,,,,,,,,,,,,,,,,,,,,,,,,,,,,,,
E0,22/12/2019,Watford,Man United,2,0,H,0,0,D,L Mason,11,17,3,8,16,11,3,5,3,1,0,0,,,,,,,,,,,,,,,,,,,,,,,,,,,,,,,,,,,,,,,,,,,,,,,,,,,,,,,,,,,,,,,,,,,,,,,,,,,,,,,,,,
E0,22/12/2019,Tottenham,Chelsea,0,2,A,0,2,A,A Taylor,5,13,1,3,9,11,3,5,4,3,1,0,,,,,,,,,,,,,,,,,,,,,,,,,,,,,,,,,,,,,,,,,,,,,,,,,,,,,,,,,,,,,,,,,,,,,,,,,,,,,,,,,,
E0,26/12/2019,Tottenham,Brighton,2,1,H,0,1,A,G Scott,11,11,5,5,10,9,9,2,4,2,0,0,,,,,,,,,,,,,,,,,,,,,,,,,,,,,,,,,,,,,,,,,,,,,,,,,,,,,,,,,,,,,,,,,,,,,,,,,,,,,,,,,,
E0,26/12/2019,Aston Villa,Norwich,1,0,H,0,0,D,C Kavanagh,11,16,2,6,15,12,5,8,2,3,0,0,,,,,,,,,,,,,,,,,,,,,,,,,,,,,,,,,,,,,,,,,,,,,,,,,,,,,,,,,,,,,,,,,,,,,,,,,,,,,,,,,,
E0,26/12/2019,Bournemouth,Arsenal,1,1,D,1,0,H,S Attwell,12,17,4,2,5,13,8,3,4,4,0,0,,,,,,,,,,,,,,,,,,,,,,,,,,,,,,,,,,,,,,,,,,,,,,,,,,,,,,,,,,,,,,,,,,,,,,,,,,,,,,,,,,
E0,26/12/2019,Chelsea,Southampton,0,2,A,0,1,A,J Moss,10,5,3,3,10,9,8,1,3,2,0,0,,,,,,,,,,,,,,,,,,,,,,,,,,,,,,,,,,,,,,,,,,,,,,,,,,,,,,,,,,,,,,,,,,,,,,,,,,,,,,,,,,
E0,26/12/2019,Crystal Palace,West Ham,2,1,H,0,0,D,A Marriner,13,10,4,2,5,10,7,6,0,2,0,0,,,,,,,,,,,,,,,,,,,,,,,,,,,,,,,,,,,,,,,,,,,,,,,,,,,,,,,,,,,,,,,,,,,,,,,,,,,,,,,,,,
E0,26/12/2019,Everton,Burnley,1,0,H,0,0,D,A Taylor,21,6,5,0,15,14,10,2,0,0,0,0,,,,,,,,,,,,,,,,,,,,,,,,,,,,,,,,,,,,,,,,,,,,,,,,,,,,,,,,,,,,,,,,,,,,,,,,,,,,,,,,,,
E0,26/12/2019,Sheffield United,Watford,1,1,D,1,1,D,D Coote,16,5,4,2,11,8,9,1,1,3,0,0,,,,,,,,,,,,,,,,,,,,,,,,,,,,,,,,,,,,,,,,,,,,,,,,,,,,,,,,,,,,,,,,,,,,,,,,,,,,,,,,,,
E0,26/12/2019,Man United,Newcastle,4,1,H,3,1,H,K Friend,22,7,10,2,10,7,5,0,2,2,0,0,,,,,,,,,,,,,,,,,,,,,,,,,,,,,,,,,,,,,,,,,,,,,,,,,,,,,,,,,,,,,,,,,,,,,,,,,,,,,,,,,,
E0,26/12/2019,Leicester,Liverpool,0,4,A,0,1,A,M Oliver,3,15,0,6,5,7,2,8,1,1,0,0,,,,,,,,,,,,,,,,,,,,,,,,,,,,,,,,,,,,,,,,,,,,,,,,,,,,,,,,,,,,,,,,,,,,,,,,,,,,,,,,,,
E0,27/12/2019,Wolves,Man City,3,2,H,0,1,A,M Atkinson,20,7,8,3,7,13,3,1,0,1,0,1,,,,,,,,,,,,,,,,,,,,,,,,,,,,,,,,,,,,,,,,,,,,,,,,,,,,,,,,,,,,,,,,,,,,,,,,,,,,,,,,,,
E0,28/12/2019,Brighton,Bournemouth,2,0,H,1,0,H,P Tierney,16,10,6,2,8,11,9,2,0,2,0,0,,,,,,,,,,,,,,,,,,,,,,,,,,,,,,,,,,,,,,,,,,,,,,,,,,,,,,,,,,,,,,,,,,,,,,,,,,,,,,,,,,
E0,28/12/2019,Newcastle,Everton,1,2,A,0,1,A,L Mason,20,22,5,9,13,13,5,8,2,2,0,0,,,,,,,,,,,,,,,,,,,,,,,,,,,,,,,,,,,,,,,,,,,,,,,,,,,,,,,,,,,,,,,,,,,,,,,,,,,,,,,,,,
E0,28/12/2019,Southampton,Crystal Palace,1,1,D,0,0,D,A Madley,14,5,5,2,13,7,12,4,1,2,0,0,,,,,,,,,,,,,,,,,,,,,,,,,,,,,,,,,,,,,,,,,,,,,,,,,,,,,,,,,,,,,,,,,,,,,,,,,,,,,,,,,,
E0,28/12/2019,Watford,Aston Villa,3,0,H,1,0,H,S Hooper,20,11,6,2,16,9,6,3,3,1,1,0,,,,,,,,,,,,,,,,,,,,,,,,,,,,,,,,,,,,,,,,,,,,,,,,,,,,,,,,,,,,,,,,,,,,,,,,,,,,,,,,,,
E0,28/12/2019,Norwich,Tottenham,2,2,D,1,0,H,K Friend,5,15,2,7,12,10,4,6,3,3,0,0,,,,,,,,,,,,,,,,,,,,,,,,,,,,,,,,,,,,,,,,,,,,,,,,,,,,,,,,,,,,,,,,,,,,,,,,,,,,,,,,,,
E0,28/12/2019,West Ham,Leicester,1,2,A,1,1,D,D Coote,14,13,4,8,16,4,5,5,4,1,0,0,,,,,,,,,,,,,,,,,,,,,,,,,,,,,,,,,,,,,,,,,,,,,,,,,,,,,,,,,,,,,,,,,,,,,,,,,,,,,,,,,,
E0,28/12/2019,Burnley,Man United,0,2,A,0,1,A,M Dean,8,14,1,5,17,10,5,4,4,3,0,0,,,,,,,,,,,,,,,,,,,,,,,,,,,,,,,,,,,,,,,,,,,,,,,,,,,,,,,,,,,,,,,,,,,,,,,,,,,,,,,,,,
E0,29/12/2019,Arsenal,Chelsea,1,2,A,1,0,H,C Pawson,7,13,2,4,13,19,2,3,5,4,0,0,,,,,,,,,,,,,,,,,,,,,,,,,,,,,,,,,,,,,,,,,,,,,,,,,,,,,,,,,,,,,,,,,,,,,,,,,,,,,,,,,,
E0,29/12/2019,Liverpool,Wolves,1,0,H,1,0,H,A Taylor,10,10,3,2,7,3,5,6,1,0,0,0,,,,,,,,,,,,,,,,,,,,,,,,,,,,,,,,,,,,,,,,,,,,,,,,,,,,,,,,,,,,,,,,,,,,,,,,,,,,,,,,,,
E0,29/12/2019,Man City,Sheffield United,2,0,H,0,0,D,C Kavanagh,16,8,4,0,5,6,8,5,1,1,0,0,,,,,,,,,,,,,,,,,,,,,,,,,,,,,,,,,,,,,,,,,,,,,,,,,,,,,,,,,,,,,,,,,,,,,,,,,,,,,,,,,,
E0,01/01/2020,Brighton,Chelsea,1,1,D,0,1,A,S Attwell,16,16,5,5,8,15,5,3,2,3,0,0,,,,,,,,,,,,,,,,,,,,,,,,,,,,,,,,,,,,,,,,,,,,,,,,,,,,,,,,,,,,,,,,,,,,,,,,,,,,,,,,,,
E0,01/01/2020,Burnley,Aston Villa,1,2,A,0,2,A,M Oliver,20,11,1,6,12,10,8,4,1,1,0,0,,,,,,,,,,,,,,,,,,,,,,,,,,,,,,,,,,,,,,,,,,,,,,,,,,,,,,,,,,,,,,,,,,,,,,,,,,,,,,,,,,
E0,01/01/2020,Newcastle,Leicester,0,3,A,0,2,A,M Atkinson,5,17,2,10,8,12,4,5,1,1,0,0,,,,,,,,,,,,,,,,,,,,,,,,,,,,,,,,,,,,,,,,,,,,,,,,,,,,,,,,,,,,,,,,,,,,,,,,,,,,,,,,,,
E0,01/01/2020,Southampton,Tottenham,1,0,H,1,0,H,M Dean,12,11,3,5,21,8,6,9,3,4,0,0,,,,,,,,,,,,,,,,,,,,,,,,,,,,,,,,,,,,,,,,,,,,,,,,,,,,,,,,,,,,,,,,,,,,,,,,,,,,,,,,,,
E0,01/01/2020,Watford,Wolves,2,1,H,1,0,H,A Madley,9,16,3,4,12,6,4,7,3,1,1,0,,,,,,,,,,,,,,,,,,,,,,,,,,,,,,,,,,,,,,,,,,,,,,,,,,,,,,,,,,,,,,,,,,,,,,,,,,,,,,,,,,
E0,01/01/2020,Man City,Everton,2,1,H,0,0,D,A Marriner,16,7,7,2,11,11,3,6,0,4,0,0,,,,,,,,,,,,,,,,,,,,,,,,,,,,,,,,,,,,,,,,,,,,,,,,,,,,,,,,,,,,,,,,,,,,,,,,,,,,,,,,,,
E0,01/01/2020,Norwich,Crystal Palace,1,1,D,1,0,H,J Moss,15,12,4,3,12,9,2,5,5,0,0,0,,,,,,,,,,,,,,,,,,,,,,,,,,,,,,,,,,,,,,,,,,,,,,,,,,,,,,,,,,,,,,,,,,,,,,,,,,,,,,,,,,
E0,01/01/2020,West Ham,Bournemouth,4,0,H,3,0,H,G Scott,14,3,7,2,3,12,9,2,1,2,0,0,,,,,,,,,,,,,,,,,,,,,,,,,,,,,,,,,,,,,,,,,,,,,,,,,,,,,,,,,,,,,,,,,,,,,,,,,,,,,,,,,,
E0,01/01/2020,Arsenal,Man United,2,0,H,2,0,H,C Kavanagh,10,10,4,4,11,15,1,4,2,0,0,0,,,,,,,,,,,,,,,,,,,,,,,,,,,,,,,,,,,,,,,,,,,,,,,,,,,,,,,,,,,,,,,,,,,,,,,,,,,,,,,,,,
E0,02/01/2020,Liverpool,Sheffield United,2,0,H,1,0,H,P Tierney,19,3,7,2,5,8,8,4,0,0,0,0,,,,,,,,,,,,,,,,,,,,,,,,,,,,,,,,,,,,,,,,,,,,,,,,,,,,,,,,,,,,,,,,,,,,,,,,,,,,,,,,,,
E0,10/01/2020,Sheffield United,West Ham,1,0,H,0,0,D,M Oliver,13,7,3,2,11,6,7,3,1,0,0,0,,,,,,,,,,,,,,,,,,,,,,,,,,,,,,,,,,,,,,,,,,,,,,,,,,,,,,,,,,,,,,,,,,,,,,,,,,,,,,,,,,
E0,11/01/2020,Crystal Palace,Arsenal,1,1,D,0,1,A,P Tierney,6,7,3,4,14,22,1,4,2,3,0,1,,,,,,,,,,,,,,,,,,,,,,,,,,,,,,,,,,,,,,,,,,,,,,,,,,,,,,,,,,,,,,,,,,,,,,,,,,,,,,,,,,
E0,11/01/2020,Chelsea,Burnley,3,0,H,2,0,H,K Friend,18,7,8,2,7,4,10,3,0,3,0,0,,,,,,,,,,,,,,,,,,,,,,,,,,,,,,,,,,,,,,,,,,,,,,,,,,,,,,,,,,,,,,,,,,,,,,,,,,,,,,,,,,
E0,11/01/2020,Everton,Brighton,1,0,H,1,0,H,D Coote,14,9,6,2,7,7,4,3,2,1,0,0,,,,,,,,,,,,,,,,,,,,,,,,,,,,,,,,,,,,,,,,,,,,,,,,,,,,,,,,,,,,,,,,,,,,,,,,,,,,,,,,,,
E0,11/01/2020,Leicester,Southampton,1,2,A,1,1,D,L Mason,5,16,5,10,9,17,2,4,0,3,0,0,,,,,,,,,,,,,,,,,,,,,,,,,,,,,,,,,,,,,,,,,,,,,,,,,,,,,,,,,,,,,,,,,,,,,,,,,,,,,,,,,,
E0,11/01/2020,Man United,Norwich,4,0,H,1,0,H,A Taylor,13,8,6,3,18,7,4,2,0,0,0,0,,,,,,,,,,,,,,,,,,,,,,,,,,,,,,,,,,,,,,,,,,,,,,,,,,,,,,,,,,,,,,,,,,,,,,,,,,,,,,,,,,
E0,11/01/2020,Wolves,Newcastle,1,1,D,1,1,D,P Bankes,9,5,4,1,13,12,5,2,0,3,0,0,,,,,,,,,,,,,,,,,,,,,,,,,,,,,,,,,,,,,,,,,,,,,,,,,,,,,,,,,,,,,,,,,,,,,,,,,,,,,,,,,,
E0,11/01/2020,Tottenham,Liverpool,0,1,A,0,1,A,M Atkinson,14,13,4,7,4,8,4,3,0,2,0,0,,,,,,,,,,,,,,,,,,,,,,,,,,,,,,,,,,,,,,,,,,,,,,,,,,,,,,,,,,,,,,,,,,,,,,,,,,,,,,,,,,
E0,12/01/2020,Bournemouth,Watford,0,3,A,0,1,A,M Dean,10,18,1,6,3,13,5,5,1,1,0,0,,,,,,,,,,,,,,,,,,,,,,,,,,,,,,,,,,,,,,,,,,,,,,,,,,,,,,,,,,,,,,,,,,,,,,,,,,,,,,,,,,
E0,12/01/2020,Aston Villa,Man City,1,6,A,0,4,A,J Moss,7,22,1,12,5,12,2,4,2,1,0,0,,,,,,,,,,,,,,,,,,,,,,,,,,,,,,,,,,,,,,,,,,,,,,,,,,,,,,,,,,,,,,,,,,,,,,,,,,,,,,,,,,
E0,18/01/2020,Watford,Tottenham,0,0,D,0,0,D,M Oliver,15,17,2,5,13,13,3,3,2,3,0,0,,,,,,,,,,,,,,,,,,,,,,,,,,,,,,,,,,,,,,,,,,,,,,,,,,,,,,,,,,,,,,,,,,,,,,,,,,,,,,,,,,
E0,18/01/2020,Arsenal,Sheffield United,1,1,D,1,0,H,M Dean,11,12,4,4,9,13,4,5,1,2,0,0,,,,,,,,,,,,,,,,,,,,,,,,,,,,,,,,,,,,,,,,,,,,,,,,,,,,,,,,,,,,,,,,,,,,,,,,,,,,,,,,,,
E0,18/01/2020,Brighton,Aston Villa,1,1,D,1,0,H,A Madley,10,8,2,3,11,13,3,4,3,3,0,0,,,,,,,,,,,,,,,,,,,,,,,,,,,,,,,,,,,,,,,,,,,,,,,,,,,,,,,,,,,,,,,,,,,,,,,,,,,,,,,,,,
E0,18/01/2020,Man City,Crystal Palace,2,2,D,0,1,A,S Scott,25,5,6,3,9,7,14,2,1,2,0,0,,,,,,,,,,,,,,,,,,,,,,,,,,,,,,,,,,,,,,,,,,,,,,,,,,,,,,,,,,,,,,,,,,,,,,,,,,,,,,,,,,
E0,18/01/2020,Norwich,Bournemouth,1,0,H,1,0,H,P Tierney,16,6,5,3,10,10,4,5,2,2,1,1,,,,,,,,,,,,,,,,,,,,,,,,,,,,,,,,,,,,,,,,,,,,,,,,,,,,,,,,,,,,,,,,,,,,,,,,,,,,,,,,,,
E0,18/01/2020,Southampton,Wolves,2,3,A,2,0,H,D England,11,8,5,4,13,12,1,3,2,1,0,0,,,,,,,,,,,,,,,,,,,,,,,,,,,,,,,,,,,,,,,,,,,,,,,,,,,,,,,,,,,,,,,,,,,,,,,,,,,,,,,,,,
E0,18/01/2020,West Ham,Everton,1,1,D,1,1,D,A Marriner,12,11,6,3,11,13,7,6,1,0,0,0,,,,,,,,,,,,,,,,,,,,,,,,,,,,,,,,,,,,,,,,,,,,,,,,,,,,,,,,,,,,,,,,,,,,,,,,,,,,,,,,,,
E0,18/01/2020,Newcastle,Chelsea,1,0,H,0,0,D,C Kavanagh,7,19,2,4,9,14,1,10,1,1,0,0,,,,,,,,,,,,,,,,,,,,,,,,,,,,,,,,,,,,,,,,,,,,,,,,,,,,,,,,,,,,,,,,,,,,,,,,,,,,,,,,,,
E0,19/01/2020,Burnley,Leicester,2,1,H,0,1,A,A Taylor,8,18,5,8,14,8,4,5,1,0,0,0,,,,,,,,,,,,,,,,,,,,,,,,,,,,,,,,,,,,,,,,,,,,,,,,,,,,,,,,,,,,,,,,,,,,,,,,,,,,,,,,,,
E0,19/01/2020,Liverpool,Man United,2,0,H,1,0,H,C Pawson,16,9,5,4,7,10,11,5,1,3,0,0,,,,,,,,,,,,,,,,,,,,,,,,,,,,,,,,,,,,,,,,,,,,,,,,,,,,,,,,,,,,,,,,,,,,,,,,,,,,,,,,,,
E0,21/01/2020,Aston Villa,Watford,2,1,H,0,1,A,M Atkinson,16,8,5,2,11,18,6,3,2,2,0,0,,,,,,,,,,,,,,,,,,,,,,,,,,,,,,,,,,,,,,,,,,,,,,,,,,,,,,,,,,,,,,,,,,,,,,,,,,,,,,,,,,
E0,21/01/2020,Bournemouth,Brighton,3,1,H,2,0,H,K Friend,11,21,3,8,9,12,5,8,1,1,0,0,,,,,,,,,,,,,,,,,,,,,,,,,,,,,,,,,,,,,,,,,,,,,,,,,,,,,,,,,,,,,,,,,,,,,,,,,,,,,,,,,,
E0,21/01/2020,Crystal Palace,Southampton,0,2,A,0,1,A,A Marriner,6,15,0,6,12,13,0,8,1,2,0,0,,,,,,,,,,,,,,,,,,,,,,,,,,,,,,,,,,,,,,,,,,,,,,,,,,,,,,,,,,,,,,,,,,,,,,,,,,,,,,,,,,
E0,21/01/2020,Everton,Newcastle,2,2,D,1,0,H,S Hooper,17,8,8,2,13,10,6,4,1,1,0,0,,,,,,,,,,,,,,,,,,,,,,,,,,,,,,,,,,,,,,,,,,,,,,,,,,,,,,,,,,,,,,,,,,,,,,,,,,,,,,,,,,
E0,21/01/2020,Sheffield United,Man City,0,1,A,0,0,D,L Mason,4,18,1,5,13,13,5,13,4,3,0,0,,,,,,,,,,,,,,,,,,,,,,,,,,,,,,,,,,,,,,,,,,,,,,,,,,,,,,,,,,,,,,,,,,,,,,,,,,,,,,,,,,
E0,21/01/2020,Chelsea,Arsenal,2,2,D,1,0,H,S Attwell,19,2,8,2,11,6,17,5,2,1,0,1,,,,,,,,,,,,,,,,,,,,,,,,,,,,,,,,,,,,,,,,,,,,,,,,,,,,,,,,,,,,,,,,,,,,,,,,,,,,,,,,,,
E0,22/01/2020,Leicester,West Ham,4,1,H,2,0,H,D Coote,19,6,8,2,10,19,7,8,1,1,0,0,,,,,,,,,,,,,,,,,,,,,,,,,,,,,,,,,,,,,,,,,,,,,,,,,,,,,,,,,,,,,,,,,,,,,,,,,,,,,,,,,,
E0,22/01/2020,Tottenham,Norwich,2,1,H,1,0,H,C Kavanagh,14,12,3,2,12,7,7,3,0,1,0,0,,,,,,,,,,,,,,,,,,,,,,,,,,,,,,,,,,,,,,,,,,,,,,,,,,,,,,,,,,,,,,,,,,,,,,,,,,,,,,,,,,
E0,22/01/2020,Man United,Burnley,0,2,A,0,1,A,J Moss,24,5,7,2,11,7,5,2,0,2,0,0,,,,,,,,,,,,,,,,,,,,,,,,,,,,,,,,,,,,,,,,,,,,,,,,,,,,,,,,,,,,,,,,,,,,,,,,,,,,,,,,,,
E0,23/01/2020,Wolves,Liverpool,1,2,A,0,1,A,M Oliver,10,13,3,6,6,11,2,4,0,1,0,0,,,,,,,,,,,,,,,,,,,,,,,,,,,,,,,,,,,,,,,,,,,,,,,,,,,,,,,,,,,,,,,,,,,,,,,,,,,,,,,,,,
E0,29/01/2020,West Ham,Liverpool,0,2,A,0,1,A,J Moss,7,13,4,5,6,6,3,7,2,0,0,0,,,,,,,,,,,,,,,,,,,,,,,,,,,,,,,,,,,,,,,,,,,,,,,,,,,,,,,,,,,,,,,,,,,,,,,,,,,,,,,,,,
E0,01/02/2020,Leicester,Chelsea,2,2,D,0,0,D,L Mason,14,7,4,3,16,14,4,6,2,2,0,0,,,,,,,,,,,,,,,,,,,,,,,,,,,,,,,,,,,,,,,,,,,,,,,,,,,,,,,,,,,,,,,,,,,,,,,,,,,,,,,,,,
E0,01/02/2020,Bournemouth,Aston Villa,2,1,H,2,0,H,A Taylor,16,18,6,5,10,15,1,8,1,3,1,0,,,,,,,,,,,,,,,,,,,,,,,,,,,,,,,,,,,,,,,,,,,,,,,,,,,,,,,,,,,,,,,,,,,,,,,,,,,,,,,,,,
E0,01/02/2020,Crystal Palace,Sheffield United,0,1,A,0,0,D,A Madley,13,10,3,3,9,15,9,5,3,2,0,0,,,,,,,,,,,,,,,,,,,,,,,,,,,,,,,,,,,,,,,,,,,,,,,,,,,,,,,,,,,,,,,,,,,,,,,,,,,,,,,,,,
E0,01/02/2020,Liverpool,Southampton,4,0,H,0,0,D,K Friend,16,17,9,4,9,15,6,11,0,2,0,0,,,,,,,,,,,,,,,,,,,,,,,,,,,,,,,,,,,,,,,,,,,,,,,,,,,,,,,,,,,,,,,,,,,,,,,,,,,,,,,,,,
E0,01/02/2020,Newcastle,Norwich,0,0,D,0,0,D,M Atkinson,15,19,5,4,10,15,8,12,2,1,0,0,,,,,,,,,,,,,,,,,,,,,,,,,,,,,,,,,,,,,,,,,,,,,,,,,,,,,,,,,,,,,,,,,,,,,,,,,,,,,,,,,,
E0,01/02/2020,Watford,Everton,2,3,A,2,2,D,C Pawson,11,12,2,5,17,14,4,4,2,2,0,1,,,,,,,,,,,,,,,,,,,,,,,,,,,,,,,,,,,,,,,,,,,,,,,,,,,,,,,,,,,,,,,,,,,,,,,,,,,,,,,,,,
E0,01/02/2020,West Ham,Brighton,3,3,D,2,0,H,M Oliver,12,19,6,6,8,9,4,6,1,1,0,0,,,,,,,,,,,,,,,,,,,,,,,,,,,,,,,,,,,,,,,,,,,,,,,,,,,,,,,,,,,,,,,,,,,,,,,,,,,,,,,,,,
E0,01/02/2020,Man United,Wolves,0,0,D,0,0,D,P Tierney,15,14,5,3,14,15,4,6,3,2,0,0,,,,,,,,,,,,,,,,,,,,,,,,,,,,,,,,,,,,,,,,,,,,,,,,,,,,,,,,,,,,,,,,,,,,,,,,,,,,,,,,,,
E0,02/02/2020,Burnley,Arsenal,0,0,D,0,0,D,C Kavanagh,15,13,2,2,8,11,5,7,1,3,0,0,,,,,,,,,,,,,,,,,,,,,,,,,,,,,,,,,,,,,,,,,,,,,,,,,,,,,,,,,,,,,,,,,,,,,,,,,,,,,,,,,,
E0,02/02/2020,Tottenham,Man City,2,0,H,0,0,D,M Dean,3,18,3,5,8,14,2,6,2,3,0,1,,,,,,,,,,,,,,,,,,,,,,,,,,,,,,,,,,,,,,,,,,,,,,,,,,,,,,,,,,,,,,,,,,,,,,,,,,,,,,,,,,
E0,08/02/2020,Everton,Crystal Palace,3,1,H,1,0,H,D Coote,14,10,8,2,11,12,4,6,0,1,0,0,,,,,,,,,,,,,,,,,,,,,,,,,,,,,,,,,,,,,,,,,,,,,,,,,,,,,,,,,,,,,,,,,,,,,,,,,,,,,,,,,,
E0,08/02/2020,Brighton,Watford,1,1,D,0,1,A,K Friend,10,5,2,2,9,12,3,2,2,2,0,0,,,,,,,,,,,,,,,,,,,,,,,,,,,,,,,,,,,,,,,,,,,,,,,,,,,,,,,,,,,,,,,,,,,,,,,,,,,,,,,,,,
E0,09/02/2020,Sheffield United,Bournemouth,2,1,H,1,1,D,J Moss,16,10,6,2,10,8,8,4,2,2,0,0,,,,,,,,,,,,,,,,,,,,,,,,,,,,,,,,,,,,,,,,,,,,,,,,,,,,,,,,,,,,,,,,,,,,,,,,,,,,,,,,,,
E0,14/02/2020,Wolves,Leicester,0,0,D,0,0,D,M Dean,15,9,3,3,13,10,7,0,2,2,0,1,,,,,,,,,,,,,,,,,,,,,,,,,,,,,,,,,,,,,,,,,,,,,,,,,,,,,,,,,,,,,,,,,,,,,,,,,,,,,,,,,,
E0,15/02/2020,Southampton,Burnley,1,2,A,1,1,D,S Hooper,10,9,2,6,8,11,4,3,2,2,0,0,,,,,,,,,,,,,,,,,,,,,,,,,,,,,,,,,,,,,,,,,,,,,,,,,,,,,,,,,,,,,,,,,,,,,,,,,,,,,,,,,,
E0,15/02/2020,Norwich,Liverpool,0,1,A,0,0,D,S Attwell,5,17,1,6,5,11,2,7,1,2,0,0,,,,,,,,,,,,,,,,,,,,,,,,,,,,,,,,,,,,,,,,,,,,,,,,,,,,,,,,,,,,,,,,,,,,,,,,,,,,,,,,,,
E0,16/02/2020,Aston Villa,Tottenham,2,3,A,1,2,A,M Atkinson,18,23,4,10,12,10,12,7,2,0,0,0,,,,,,,,,,,,,,,,,,,,,,,,,,,,,,,,,,,,,,,,,,,,,,,,,,,,,,,,,,,,,,,,,,,,,,,,,,,,,,,,,,
E0,16/02/2020,Arsenal,Newcastle,4,0,H,0,0,D,L Mason,15,10,7,2,15,9,5,6,2,0,0,0,,,,,,,,,,,,,,,,,,,,,,,,,,,,,,,,,,,,,,,,,,,,,,,,,,,,,,,,,,,,,,,,,,,,,,,,,,,,,,,,,,
E0,17/02/2020,Chelsea,Man United,0,2,A,0,1,A,A Taylor,17,9,1,3,11,11,9,8,4,3,0,0,,,,,,,,,,,,,,,,,,,,,,,,,,,,,,,,,,,,,,,,,,,,,,,,,,,,,,,,,,,,,,,,,,,,,,,,,,,,,,,,,,
E0,19/02/2020,Man City,West Ham,2,0,H,1,0,H,K Friend,20,3,7,0,5,7,6,1,0,1,0,0,,,,,,,,,,,,,,,,,,,,,,,,,,,,,,,,,,,,,,,,,,,,,,,,,,,,,,,,,,,,,,,,,,,,,,,,,,,,,,,,,,
E0,22/02/2020,Chelsea,Tottenham,2,1,H,1,0,H,M Oliver,17,5,7,3,14,14,3,5,1,2,0,0,,,,,,,,,,,,,,,,,,,,,,,,,,,,,,,,,,,,,,,,,,,,,,,,,,,,,,,,,,,,,,,,,,,,,,,,,,,,,,,,,,
E0,22/02/2020,Burnley,Bournemouth,3,0,H,0,0,D,M Dean,16,12,10,4,9,9,7,3,4,3,0,0,,,,,,,,,,,,,,,,,,,,,,,,,,,,,,,,,,,,,,,,,,,,,,,,,,,,,,,,,,,,,,,,,,,,,,,,,,,,,,,,,,
E0,22/02/2020,Crystal Palace,Newcastle,1,0,H,1,0,H,P Bankes,18,8,9,2,15,11,7,5,2,6,0,1,,,,,,,,,,,,,,,,,,,,,,,,,,,,,,,,,,,,,,,,,,,,,,,,,,,,,,,,,,,,,,,,,,,,,,,,,,,,,,,,,,
E0,22/02/2020,Sheffield United,Brighton,1,1,D,1,1,D,G Scott,14,8,3,2,3,6,12,2,0,2,0,0,,,,,,,,,,,,,,,,,,,,,,,,,,,,,,,,,,,,,,,,,,,,,,,,,,,,,,,,,,,,,,,,,,,,,,,,,,,,,,,,,,
E0,22/02/2020,Southampton,Aston Villa,2,0,H,1,0,H,C Pawson,28,4,9,1,13,17,9,6,1,4,0,0,,,,,,,,,,,,,,,,,,,,,,,,,,,,,,,,,,,,,,,,,,,,,,,,,,,,,,,,,,,,,,,,,,,,,,,,,,,,,,,,,,
E0,22/02/2020,Leicester,Man City,0,1,A,0,0,D,P Tierney,10,18,3,7,14,10,3,7,0,0,0,0,,,,,,,,,,,,,,,,,,,,,,,,,,,,,,,,,,,,,,,,,,,,,,,,,,,,,,,,,,,,,,,,,,,,,,,,,,,,,,,,,,
E0,23/02/2020,Man United,Watford,3,0,H,1,0,H,M Atkinson,21,7,9,2,6,15,3,5,0,1,0,0,,,,,,,,,,,,,,,,,,,,,,,,,,,,,,,,,,,,,,,,,,,,,,,,,,,,,,,,,,,,,,,,,,,,,,,,,,,,,,,,,,
E0,23/02/2020,Wolves,Norwich,3,0,H,2,0,H,C Kavanagh,19,6,6,4,11,6,4,1,2,3,0,0,,,,,,,,,,,,,,,,,,,,,,,,,,,,,,,,,,,,,,,,,,,,,,,,,,,,,,,,,,,,,,,,,,,,,,,,,,,,,,,,,,
E0,23/02/2020,Arsenal,Everton,3,2,H,2,2,D,S Attwell,9,17,4,5,12,12,6,3,0,4,0,0,,,,,,,,,,,,,,,,,,,,,,,,,,,,,,,,,,,,,,,,,,,,,,,,,,,,,,,,,,,,,,,,,,,,,,,,,,,,,,,,,,
E0,24/02/2020,Liverpool,West Ham,3,2,H,1,1,D,J Moss,25,7,7,4,4,10,16,8,0,3,0,0,,,,,,,,,,,,,,,,,,,,,,,,,,,,,,,,,,,,,,,,,,,,,,,,,,,,,,,,,,,,,,,,,,,,,,,,,,,,,,,,,,
E0,28/02/2020,Norwich,Leicester,1,0,H,0,0,D,C Pawson,11,19,6,4,13,16,6,7,1,2,0,0,,,,,,,,,,,,,,,,,,,,,,,,,,,,,,,,,,,,,,,,,,,,,,,,,,,,,,,,,,,,,,,,,,,,,,,,,,,,,,,,,,
E0,29/02/2020,Brighton,Crystal Palace,0,1,A,0,0,D,M Atkinson,24,12,8,3,8,9,8,7,1,1,0,0,,,,,,,,,,,,,,,,,,,,,,,,,,,,,,,,,,,,,,,,,,,,,,,,,,,,,,,,,,,,,,,,,,,,,,,,,,,,,,,,,,
E0,29/02/2020,Bournemouth,Chelsea,2,2,D,0,1,A,A Marriner,9,23,5,6,8,5,4,14,2,2,0,0,,,,,,,,,,,,,,,,,,,,,,,,,,,,,,,,,,,,,,,,,,,,,,,,,,,,,,,,,,,,,,,,,,,,,,,,,,,,,,,,,,
E0,29/02/2020,Newcastle,Burnley,0,0,D,0,0,D,A Madley,21,8,4,1,11,9,11,7,4,3,0,0,,,,,,,,,,,,,,,,,,,,,,,,,,,,,,,,,,,,,,,,,,,,,,,,,,,,,,,,,,,,,,,,,,,,,,,,,,,,,,,,,,
E0,29/02/2020,West Ham,Southampton,3,1,H,2,1,H,A Taylor,14,10,7,2,8,11,4,9,1,1,0,0,,,,,,,,,,,,,,,,,,,,,,,,,,,,,,,,,,,,,,,,,,,,,,,,,,,,,,,,,,,,,,,,,,,,,,,,,,,,,,,,,,
E0,29/02/2020,Watford,Liverpool,3,0,H,0,0,D,M Oliver,14,7,5,1,4,8,3,5,0,0,0,0,,,,,,,,,,,,,,,,,,,,,,,,,,,,,,,,,,,,,,,,,,,,,,,,,,,,,,,,,,,,,,,,,,,,,,,,,,,,,,,,,,
E0,01/03/2020,Everton,Man United,1,1,D,1,1,D,C Kavanagh,16,14,5,5,11,11,13,8,3,4,0,0,,,,,,,,,,,,,,,,,,,,,,,,,,,,,,,,,,,,,,,,,,,,,,,,,,,,,,,,,,,,,,,,,,,,,,,,,,,,,,,,,,
E0,01/03/2020,Tottenham,Wolves,2,3,A,2,1,H,S Attwell,13,14,5,4,12,14,4,5,3,2,0,0,,,,,,,,,,,,,,,,,,,,,,,,,,,,,,,,,,,,,,,,,,,,,,,,,,,,,,,,,,,,,,,,,,,,,,,,,,,,,,,,,,
E0,07/03/2020,Liverpool,Bournemouth,2,1,H,2,1,H,P Tierney,14,6,6,4,10,12,9,4,0,1,0,0,1.22,6.5,13,1.25,6,12.5,1.27,6,10.5,1.25,6.44,12.49,1.25,6,12,1.25,6,13,1.29,6.6,13.45,1.25,6.24,11.93,1.44,2.75,1.45,2.92,1.51,2.92,1.47,2.68,-1.75,1.95,1.95,1.95,1.97,2.01,1.97,1.94,1.93,1.2,7.5,12,1.22,6.75,13,1.27,6.1,9.8,1.22,7.06,13.2,1.2,7,13,1.22,7,13,1.27,7.86,14.25,1.22,7.07,12.64,1.4,3,1.4,3.13,1.44,3.36,1.39,2.98,-2,2.02,1.77,2.13,1.79,2.15,1.93,2.08,1.8
E0,07/03/2020,Arsenal,West Ham,1,0,H,0,0,D,M Atkinson,9,14,2,6,11,9,6,7,1,2,0,0,1.57,4.4,5.5,1.53,4.33,6,1.57,4.3,5.4,1.57,4.41,5.95,1.55,4.33,5.8,1.55,4.33,6,1.62,4.5,6.21,1.56,4.37,5.78,1.57,2.37,1.63,2.43,1.66,2.45,1.6,2.35,-1,1.96,1.94,1.97,1.96,2,1.98,1.93,1.93,1.6,4.2,5.25,1.6,4.25,5.5,1.63,4.25,5,1.68,4.15,5.1,1.62,4.33,5,1.67,4.2,5,1.71,4.54,5.55,1.64,4.25,5.13,1.53,2.5,1.58,2.54,1.59,2.55,1.55,2.46,-1,2.07,1.72,2.17,1.78,2.22,1.86,2.1,1.79
E0,07/03/2020,Crystal Palace,Watford,1,0,H,1,0,H,A Taylor,10,10,3,4,12,19,8,8,4,4,0,0,2.55,3.2,2.9,2.6,3.2,2.85,2.55,3.15,2.95,2.62,3.21,2.96,2.55,3.1,3,2.55,3.1,3.1,2.65,3.26,3.1,2.57,3.19,2.95,2.3,1.61,2.38,1.65,2.38,1.68,2.28,1.63,0,1.8,2.1,1.85,2.08,1.85,2.16,1.8,2.08,2.7,3.1,2.8,2.6,3.1,3,2.7,3.1,2.85,2.8,3.05,2.89,2.7,3,2.88,2.7,3.1,2.88,2.8,3.2,3,2.7,3.08,2.89,2.3,1.61,2.41,1.64,2.41,1.68,2.31,1.62,0,1.92,1.98,1.93,1.99,1.95,2.06,1.89,1.98
E0,07/03/2020,Sheffield United,Norwich,1,0,H,1,0,H,S Hooper,10,12,4,5,12,8,10,5,0,0,0,0,1.65,3.75,5.75,1.65,3.7,5.75,1.67,3.75,5.4,1.66,3.87,5.87,1.65,3.7,5.8,1.65,3.7,6,1.7,3.9,6.05,1.66,3.78,5.71,2.1,1.72,2.16,1.78,2.16,1.82,2.06,1.77,-0.75,1.87,2.03,1.87,2.06,1.91,2.06,1.86,2.01,1.66,3.75,5.25,1.7,3.8,5.25,1.67,3.75,5.3,1.66,4.07,5.48,1.65,3.9,5.25,1.7,3.75,5.5,1.73,4.15,5.7,1.68,3.88,5.37,2,1.8,2.13,1.8,2.24,1.84,2.06,1.77,-0.75,1.85,2.05,1.88,2.05,1.9,2.09,1.86,2.02
E0,07/03/2020,Southampton,Newcastle,0,1,A,0,0,D,G Scott,6,14,3,7,14,15,5,8,0,3,1,0,1.61,4.1,5.25,1.65,3.9,5.25,1.67,3.9,5,1.7,3.88,5.39,1.67,3.8,5.25,1.67,3.9,5.5,1.74,4.17,5.6,1.67,3.95,5.27,1.8,2,1.84,2.08,1.87,2.08,1.81,2.01,-0.75,1.88,2.02,1.92,2.01,1.93,2.06,1.86,2.01,1.72,3.8,4.75,1.72,3.9,5,1.75,3.7,4.8,1.75,3.95,4.89,1.7,3.8,5,1.75,3.75,5,1.8,4,5.4,1.74,3.82,4.92,2,1.8,2.09,1.83,2.15,1.9,2.03,1.8,-0.75,1.95,1.95,1.98,1.95,1.98,1.99,1.95,1.93
E0,07/03/2020,Wolves,Brighton,0,0,D,0,0,D,A Marriner,11,7,1,1,4,7,2,0,1,3,0,0,1.61,3.9,5.75,1.65,3.9,5.25,1.65,3.9,5.4,1.66,4.08,5.47,1.63,3.9,5.5,1.65,3.8,6,1.7,4.15,6,1.65,3.95,5.48,2,1.8,2.05,1.86,2.07,1.88,1.99,1.82,-0.75,1.85,2.05,1.86,2.06,1.88,2.08,1.83,2.04,1.7,3.8,5,1.72,3.7,5.25,1.73,3.65,5,1.75,3.67,5.31,1.7,3.7,5.25,1.73,3.7,5.25,1.78,3.9,5.55,1.72,3.73,5.23,2.1,1.72,2.26,1.71,2.28,1.8,2.11,1.74,-0.75,1.98,1.92,2.01,1.92,2.03,1.99,1.94,1.93
E0,07/03/2020,Burnley,Tottenham,1,1,D,1,0,H,J Moss,21,13,8,2,16,11,3,5,5,4,0,0,2.7,3.3,2.62,2.7,3.25,2.7,2.7,3.25,2.65,2.74,3.38,2.71,2.7,3.25,2.7,2.7,3.25,2.75,2.8,3.4,2.82,2.72,3.3,2.69,2.1,1.72,2.07,1.85,2.2,1.85,2.06,1.77,0,1.95,1.95,1.98,1.95,1.99,1.98,1.94,1.92,2.62,3.4,2.62,2.8,3.3,2.6,2.7,3.25,2.65,2.73,3.35,2.74,2.62,3.3,2.7,2.75,3.2,2.75,2.84,3.48,2.8,2.73,3.32,2.68,2.1,1.72,2.19,1.75,2.25,1.82,2.1,1.74,0,1.95,1.95,1.96,1.97,2,2.01,1.94,1.92
E0,08/03/2020,Chelsea,Everton,4,0,H,2,0,H,K Friend,17,3,11,1,8,10,6,1,1,2,0,0,1.8,3.9,4.2,1.83,3.6,4.4,1.87,3.75,4.05,1.9,3.72,4.28,1.85,3.7,4.2,1.83,3.75,4.2,1.95,4,4.4,1.87,3.74,4.2,1.72,2.1,1.72,2.25,1.75,2.26,1.71,2.14,-0.5,1.88,2.02,1.9,2.03,1.91,2.06,1.86,2.01,1.83,3.9,4,1.87,3.75,4.2,2,3.6,3.6,1.88,3.86,4.19,1.83,3.8,4.2,1.83,3.8,4.33,2,3.98,4.4,1.87,3.8,4.13,1.72,2.1,1.76,2.18,1.78,2.23,1.72,2.13,-0.5,1.85,2.05,1.88,2.04,2,2.11,1.86,2.01
E0,08/03/2020,Man United,Man City,2,0,H,1,0,H,M Dean,12,7,6,2,11,9,2,11,2,4,0,0,5,4.33,1.6,5,4.25,1.62,4.95,4.2,1.65,5,4.33,1.67,5,4.2,1.63,5,4.1,1.65,5.5,4.5,1.7,5.04,4.28,1.64,1.66,2.2,1.74,2.23,1.74,2.35,1.66,2.22,0.75,2.07,1.83,2.09,1.84,2.13,1.85,2.07,1.8,4.5,4,1.72,4.6,4,1.75,4.4,3.7,1.8,4.36,3.93,1.83,4.5,3.9,1.75,4.75,3.75,1.8,4.9,4.08,1.84,4.51,3.92,1.78,1.9,1.9,1.89,2.02,1.93,2.08,1.85,1.97,0.75,1.87,2.03,1.85,2.07,1.91,2.11,1.87,2.01
,,Leicester,Aston Villa,,,,,,,,,,,,,,,,,,,,,,,,,,,,,,,,,,,,,,,,,,,,,,,,,,,,,,,,,,,,,,,,,,,,,,,,,,,,,,,,,,,,,,,,,,,,,,,,,,,,,
,,Man City,Arsenal,,,,,,,,,,,,,,,,,,,,,,,,,,,,,,,,,,,,,,,,,,,,,,,,,,,,,,,,,,,,,,,,,,,,,,,,,,,,,,,,,,,,,,,,,,,,,,,,,,,,,
,,Aston Villa,Chelsea,,,,,,,,,,,,,,,,,,,,,,,,,,,,,,,,,,,,,,,,,,,,,,,,,,,,,,,,,,,,,,,,,,,,,,,,,,,,,,,,,,,,,,,,,,,,,,,,,,,,,
,,Bournemouth,Crystal Palace,,,,,,,,,,,,,,,,,,,,,,,,,,,,,,,,,,,,,,,,,,,,,,,,,,,,,,,,,,,,,,,,,,,,,,,,,,,,,,,,,,,,,,,,,,,,,,,,,,,,,
,,Brighton,Arsenal,,,,,,,,,,,,,,,,,,,,,,,,,,,,,,,,,,,,,,,,,,,,,,,,,,,,,,,,,,,,,,,,,,,,,,,,,,,,,,,,,,,,,,,,,,,,,,,,,,,,,
,,Everton,Liverpool,,,,,,,,,,,,,,,,,,,,,,,,,,,,,,,,,,,,,,,,,,,,,,,,,,,,,,,,,,,,,,,,,,,,,,,,,,,,,,,,,,,,,,,,,,,,,,,,,,,,,
,,Man City,Burnley,,,,,,,,,,,,,,,,,,,,,,,,,,,,,,,,,,,,,,,,,,,,,,,,,,,,,,,,,,,,,,,,,,,,,,,,,,,,,,,,,,,,,,,,,,,,,,,,,,,,,
,,Newcastle,Sheffield United,,,,,,,,,,,,,,,,,,,,,,,,,,,,,,,,,,,,,,,,,,,,,,,,,,,,,,,,,,,,,,,,,,,,,,,,,,,,,,,,,,,,,,,,,,,,,,,,,,,,,
,,Norwich,Southampton,,,,,,,,,,,,,,,,,,,,,,,,,,,,,,,,,,,,,,,,,,,,,,,,,,,,,,,,,,,,,,,,,,,,,,,,,,,,,,,,,,,,,,,,,,,,,,,,,,,,,
,,Tottenham,Man United,,,,,,,,,,,,,,,,,,,,,,,,,,,,,,,,,,,,,,,,,,,,,,,,,,,,,,,,,,,,,,,,,,,,,,,,,,,,,,,,,,,,,,,,,,,,,,,,,,,,,
,,Watford,Leicester,,,,,,,,,,,,,,,,,,,,,,,,,,,,,,,,,,,,,,,,,,,,,,,,,,,,,,,,,,,,,,,,,,,,,,,,,,,,,,,,,,,,,,,,,,,,,,,,,,,,,
,,West Ham,Wolves,,,,,,,,,,,,,,,,,,,,,,,,,,,,,,,,,,,,,,,,,,,,,,,,,,,,,,,,,,,,,,,,,,,,,,,,,,,,,,,,,,,,,,,,,,,,,,,,,,,,,
,,Burnley,Watford,,,,,,,,,,,,,,,,,,,,,,,,,,,,,,,,,,,,,,,,,,,,,,,,,,,,,,,,,,,,,,,,,,,,,,,,,,,,,,,,,,,,,,,,,,,,,,,,,,,,,
,,Chelsea,Man City,,,,,,,,,,,,,,,,,,,,,,,,,,,,,,,,,,,,,,,,,,,,,,,,,,,,,,,,,,,,,,,,,,,,,,,,,,,,,,,,,,,,,,,,,,,,,,,,,,,,,
,,Leicester,Brighton,,,,,,,,,,,,,,,,,,,,,,,,,,,,,,,,,,,,,,,,,,,,,,,,,,,,,,,,,,,,,,,,,,,,,,,,,,,,,,,,,,,,,,,,,,,,,,,,,,,,,
,,Liverpool,Crystal Palace,,,,,,,,,,,,,,,,,,,,,,,,,,,,,,,,,,,,,,,,,,,,,,,,,,,,,,,,,,,,,,,,,,,,,,,,,,,,,,,,,,,,,,,,,,,,,,,,,,,,,
,,Man United,Sheffield United,,,,,,,,,,,,,,,,,,,,,,,,,,,,,,,,,,,,,,,,,,,,,,,,,,,,,,,,,,,,,,,,,,,,,,,,,,,,,,,,,,,,,,,,,,,,,,,,,,,,,
,,Newcastle,Aston Villa,,,,,,,,,,,,,,,,,,,,,,,,,,,,,,,,,,,,,,,,,,,,,,,,,,,,,,,,,,,,,,,,,,,,,,,,,,,,,,,,,,,,,,,,,,,,,,,,,,,,,
,,Norwich,Everton,,,,,,,,,,,,,,,,,,,,,,,,,,,,,,,,,,,,,,,,,,,,,,,,,,,,,,,,,,,,,,,,,,,,,,,,,,,,,,,,,,,,,,,,,,,,,,,,,,,,,
,,Southampton,Arsenal,,,,,,,,,,,,,,,,,,,,,,,,,,,,,,,,,,,,,,,,,,,,,,,,,,,,,,,,,,,,,,,,,,,,,,,,,,,,,,,,,,,,,,,,,,,,,,,,,,,,,
,,Tottenham,West Ham,,,,,,,,,,,,,,,,,,,,,,,,,,,,,,,,,,,,,,,,,,,,,,,,,,,,,,,,,,,,,,,,,,,,,,,,,,,,,,,,,,,,,,,,,,,,,,,,,,,,,
,,Wolves,Bournemouth,,,,,,,,,,,,,,,,,,,,,,,,,,,,,,,,,,,,,,,,,,,,,,,,,,,,,,,,,,,,,,,,,,,,,,,,,,,,,,,,,,,,,,,,,,,,,,,,,,,,,
,,Arsenal,Norwich,,,,,,,,,,,,,,,,,,,,,,,,,,,,,,,,,,,,,,,,,,,,,,,,,,,,,,,,,,,,,,,,,,,,,,,,,,,,,,,,,,,,,,,,,,,,,,,,,,,,,
,,Aston Villa,Wolves,,,,,,,,,,,,,,,,,,,,,,,,,,,,,,,,,,,,,,,,,,,,,,,,,,,,,,,,,,,,,,,,,,,,,,,,,,,,,,,,,,,,,,,,,,,,,,,,,,,,,
,,Bournemouth,Newcastle,,,,,,,,,,,,,,,,,,,,,,,,,,,,,,,,,,,,,,,,,,,,,,,,,,,,,,,,,,,,,,,,,,,,,,,,,,,,,,,,,,,,,,,,,,,,,,,,,,,,,
,,Brighton,Man United,,,,,,,,,,,,,,,,,,,,,,,,,,,,,,,,,,,,,,,,,,,,,,,,,,,,,,,,,,,,,,,,,,,,,,,,,,,,,,,,,,,,,,,,,,,,,,,,,,,,,
,,Crystal Palace,Burnley,,,,,,,,,,,,,,,,,,,,,,,,,,,,,,,,,,,,,,,,,,,,,,,,,,,,,,,,,,,,,,,,,,,,,,,,,,,,,,,,,,,,,,,,,,,,,,,,,,,,,
,,Everton,Leicester,,,,,,,,,,,,,,,,,,,,,,,,,,,,,,,,,,,,,,,,,,,,,,,,,,,,,,,,,,,,,,,,,,,,,,,,,,,,,,,,,,,,,,,,,,,,,,,,,,,,,
,,Man City,Liverpool,,,,,,,,,,,,,,,,,,,,,,,,,,,,,,,,,,,,,,,,,,,,,,,,,,,,,,,,,,,,,,,,,,,,,,,,,,,,,,,,,,,,,,,,,,,,,,,,,,,,,
,,Sheffield United,Tottenham,,,,,,,,,,,,,,,,,,,,,,,,,,,,,,,,,,,,,,,,,,,,,,,,,,,,,,,,,,,,,,,,,,,,,,,,,,,,,,,,,,,,,,,,,,,,,,,,,,,,,
,,Watford,Southampton,,,,,,,,,,,,,,,,,,,,,,,,,,,,,,,,,,,,,,,,,,,,,,,,,,,,,,,,,,,,,,,,,,,,,,,,,,,,,,,,,,,,,,,,,,,,,,,,,,,,,
,,West Ham,Chelsea,,,,,,,,,,,,,,,,,,,,,,,,,,,,,,,,,,,,,,,,,,,,,,,,,,,,,,,,,,,,,,,,,,,,,,,,,,,,,,,,,,,,,,,,,,,,,,,,,,,,,
,,Burnley,Sheffield United,,,,,,,,,,,,,,,,,,,,,,,,,,,,,,,,,,,,,,,,,,,,,,,,,,,,,,,,,,,,,,,,,,,,,,,,,,,,,,,,,,,,,,,,,,,,,,,,,,,,,
,,Chelsea,Watford,,,,,,,,,,,,,,,,,,,,,,,,,,,,,,,,,,,,,,,,,,,,,,,,,,,,,,,,,,,,,,,,,,,,,,,,,,,,,,,,,,,,,,,,,,,,,,,,,,,,,
,,Leicester,Crystal Palace,,,,,,,,,,,,,,,,,,,,,,,,,,,,,,,,,,,,,,,,,,,,,,,,,,,,,,,,,,,,,,,,,,,,,,,,,,,,,,,,,,,,,,,,,,,,,,,,,,,,,
,,Liverpool,Aston Villa,,,,,,,,,,,,,,,,,,,,,,,,,,,,,,,,,,,,,,,,,,,,,,,,,,,,,,,,,,,,,,,,,,,,,,,,,,,,,,,,,,,,,,,,,,,,,,,,,,,,,
,,Man United,Bournemouth,,,,,,,,,,,,,,,,,,,,,,,,,,,,,,,,,,,,,,,,,,,,,,,,,,,,,,,,,,,,,,,,,,,,,,,,,,,,,,,,,,,,,,,,,,,,,,,,,,,,,
,,Newcastle,West Ham,,,,,,,,,,,,,,,,,,,,,,,,,,,,,,,,,,,,,,,,,,,,,,,,,,,,,,,,,,,,,,,,,,,,,,,,,,,,,,,,,,,,,,,,,,,,,,,,,,,,,
,,Norwich,Brighton,,,,,,,,,,,,,,,,,,,,,,,,,,,,,,,,,,,,,,,,,,,,,,,,,,,,,,,,,,,,,,,,,,,,,,,,,,,,,,,,,,,,,,,,,,,,,,,,,,,,,
,,Southampton,Man City,,,,,,,,,,,,,,,,,,,,,,,,,,,,,,,,,,,,,,,,,,,,,,,,,,,,,,,,,,,,,,,,,,,,,,,,,,,,,,,,,,,,,,,,,,,,,,,,,,,,,
,,Tottenham,Everton,,,,,,,,,,,,,,,,,,,,,,,,,,,,,,,,,,,,,,,,,,,,,,,,,,,,,,,,,,,,,,,,,,,,,,,,,,,,,,,,,,,,,,,,,,,,,,,,,,,,,
,,Wolves,Arsenal,,,,,,,,,,,,,,,,,,,,,,,,,,,,,,,,,,,,,,,,,,,,,,,,,,,,,,,,,,,,,,,,,,,,,,,,,,,,,,,,,,,,,,,,,,,,,,,,,,,,,
,,Arsenal,Leicester,,,,,,,,,,,,,,,,,,,,,,,,,,,,,,,,,,,,,,,,,,,,,,,,,,,,,,,,,,,,,,,,,,,,,,,,,,,,,,,,,,,,,,,,,,,,,,,,,,,,,
,,Aston Villa,Man United,,,,,,,,,,,,,,,,,,,,,,,,,,,,,,,,,,,,,,,,,,,,,,,,,,,,,,,,,,,,,,,,,,,,,,,,,,,,,,,,,,,,,,,,,,,,,,,,,,,,,
,,Bournemouth,Tottenham,,,,,,,,,,,,,,,,,,,,,,,,,,,,,,,,,,,,,,,,,,,,,,,,,,,,,,,,,,,,,,,,,,,,,,,,,,,,,,,,,,,,,,,,,,,,,,,,,,,,,
,,Brighton,Liverpool,,,,,,,,,,,,,,,,,,,,,,,,,,,,,,,,,,,,,,,,,,,,,,,,,,,,,,,,,,,,,,,,,,,,,,,,,,,,,,,,,,,,,,,,,,,,,,,,,,,,,
,,Crystal Palace,Chelsea,,,,,,,,,,,,,,,,,,,,,,,,,,,,,,,,,,,,,,,,,,,,,,,,,,,,,,,,,,,,,,,,,,,,,,,,,,,,,,,,,,,,,,,,,,,,,,,,,,,,,
,,Everton,Southampton,,,,,,,,,,,,,,,,,,,,,,,,,,,,,,,,,,,,,,,,,,,,,,,,,,,,,,,,,,,,,,,,,,,,,,,,,,,,,,,,,,,,,,,,,,,,,,,,,,,,,
,,Man City,Newcastle,,,,,,,,,,,,,,,,,,,,,,,,,,,,,,,,,,,,,,,,,,,,,,,,,,,,,,,,,,,,,,,,,,,,,,,,,,,,,,,,,,,,,,,,,,,,,,,,,,,,,
,,Sheffield United,Wolves,,,,,,,,,,,,,,,,,,,,,,,,,,,,,,,,,,,,,,,,,,,,,,,,,,,,,,,,,,,,,,,,,,,,,,,,,,,,,,,,,,,,,,,,,,,,,,,,,,,,,
,,Watford,Norwich,,,,,,,,,,,,,,,,,,,,,,,,,,,,,,,,,,,,,,,,,,,,,,,,,,,,,,,,,,,,,,,,,,,,,,,,,,,,,,,,,,,,,,,,,,,,,,,,,,,,,
,,West Ham,Burnley,,,,,,,,,,,,,,,,,,,,,,,,,,,,,,,,,,,,,,,,,,,,,,,,,,,,,,,,,,,,,,,,,,,,,,,,,,,,,,,,,,,,,,,,,,,,,,,,,,,,,
,,Aston Villa,Crystal Palace,,,,,,,,,,,,,,,,,,,,,,,,,,,,,,,,,,,,,,,,,,,,,,,,,,,,,,,,,,,,,,,,,,,,,,,,,,,,,,,,,,,,,,,,,,,,,,,,,,,,,
,,Bournemouth,Leicester,,,,,,,,,,,,,,,,,,,,,,,,,,,,,,,,,,,,,,,,,,,,,,,,,,,,,,,,,,,,,,,,,,,,,,,,,,,,,,,,,,,,,,,,,,,,,,,,,,,,,
,,Brighton,Man City,,,,,,,,,,,,,,,,,,,,,,,,,,,,,,,,,,,,,,,,,,,,,,,,,,,,,,,,,,,,,,,,,,,,,,,,,,,,,,,,,,,,,,,,,,,,,,,,,,,,,
,,Liverpool,Burnley,,,,,,,,,,,,,,,,,,,,,,,,,,,,,,,,,,,,,,,,,,,,,,,,,,,,,,,,,,,,,,,,,,,,,,,,,,,,,,,,,,,,,,,,,,,,,,,,,,,,,
,,Man United,Southampton,,,,,,,,,,,,,,,,,,,,,,,,,,,,,,,,,,,,,,,,,,,,,,,,,,,,,,,,,,,,,,,,,,,,,,,,,,,,,,,,,,,,,,,,,,,,,,,,,,,,,
,,Norwich,West Ham,,,,,,,,,,,,,,,,,,,,,,,,,,,,,,,,,,,,,,,,,,,,,,,,,,,,,,,,,,,,,,,,,,,,,,,,,,,,,,,,,,,,,,,,,,,,,,,,,,,,,
,,Sheffield United,Chelsea,,,,,,,,,,,,,,,,,,,,,,,,,,,,,,,,,,,,,,,,,,,,,,,,,,,,,,,,,,,,,,,,,,,,,,,,,,,,,,,,,,,,,,,,,,,,,,,,,,,,,
,,Tottenham,Arsenal,,,,,,,,,,,,,,,,,,,,,,,,,,,,,,,,,,,,,,,,,,,,,,,,,,,,,,,,,,,,,,,,,,,,,,,,,,,,,,,,,,,,,,,,,,,,,,,,,,,,,
,,Watford,Newcastle,,,,,,,,,,,,,,,,,,,,,,,,,,,,,,,,,,,,,,,,,,,,,,,,,,,,,,,,,,,,,,,,,,,,,,,,,,,,,,,,,,,,,,,,,,,,,,,,,,,,,
,,Wolves,Everton,,,,,,,,,,,,,,,,,,,,,,,,,,,,,,,,,,,,,,,,,,,,,,,,,,,,,,,,,,,,,,,,,,,,,,,,,,,,,,,,,,,,,,,,,,,,,,,,,,,,,
,,Arsenal,Liverpool,,,,,,,,,,,,,,,,,,,,,,,,,,,,,,,,,,,,,,,,,,,,,,,,,,,,,,,,,,,,,,,,,,,,,,,,,,,,,,,,,,,,,,,,,,,,,,,,,,,,,
,,Burnley,Wolves,,,,,,,,,,,,,,,,,,,,,,,,,,,,,,,,,,,,,,,,,,,,,,,,,,,,,,,,,,,,,,,,,,,,,,,,,,,,,,,,,,,,,,,,,,,,,,,,,,,,,
,,Chelsea,Norwich,,,,,,,,,,,,,,,,,,,,,,,,,,,,,,,,,,,,,,,,,,,,,,,,,,,,,,,,,,,,,,,,,,,,,,,,,,,,,,,,,,,,,,,,,,,,,,,,,,,,,
,,Crystal Palace,Man United,,,,,,,,,,,,,,,,,,,,,,,,,,,,,,,,,,,,,,,,,,,,,,,,,,,,,,,,,,,,,,,,,,,,,,,,,,,,,,,,,,,,,,,,,,,,,,,,,,,,,
,,Everton,Aston Villa,,,,,,,,,,,,,,,,,,,,,,,,,,,,,,,,,,,,,,,,,,,,,,,,,,,,,,,,,,,,,,,,,,,,,,,,,,,,,,,,,,,,,,,,,,,,,,,,,,,,,
,,Leicester,Sheffield United,,,,,,,,,,,,,,,,,,,,,,,,,,,,,,,,,,,,,,,,,,,,,,,,,,,,,,,,,,,,,,,,,,,,,,,,,,,,,,,,,,,,,,,,,,,,,,,,,,,,,
,,Man City,Bournemouth,,,,,,,,,,,,,,,,,,,,,,,,,,,,,,,,,,,,,,,,,,,,,,,,,,,,,,,,,,,,,,,,,,,,,,,,,,,,,,,,,,,,,,,,,,,,,,,,,,,,,
,,Newcastle,Tottenham,,,,,,,,,,,,,,,,,,,,,,,,,,,,,,,,,,,,,,,,,,,,,,,,,,,,,,,,,,,,,,,,,,,,,,,,,,,,,,,,,,,,,,,,,,,,,,,,,,,,,
,,Southampton,Brighton,,,,,,,,,,,,,,,,,,,,,,,,,,,,,,,,,,,,,,,,,,,,,,,,,,,,,,,,,,,,,,,,,,,,,,,,,,,,,,,,,,,,,,,,,,,,,,,,,,,,,
,,West Ham,Watford,,,,,,,,,,,,,,,,,,,,,,,,,,,,,,,,,,,,,,,,,,,,,,,,,,,,,,,,,,,,,,,,,,,,,,,,,,,,,,,,,,,,,,,,,,,,,,,,,,,,,
,,Aston Villa,Arsenal,,,,,,,,,,,,,,,,,,,,,,,,,,,,,,,,,,,,,,,,,,,,,,,,,,,,,,,,,,,,,,,,,,,,,,,,,,,,,,,,,,,,,,,,,,,,,,,,,,,,,
,,Bournemouth,Southampton,,,,,,,,,,,,,,,,,,,,,,,,,,,,,,,,,,,,,,,,,,,,,,,,,,,,,,,,,,,,,,,,,,,,,,,,,,,,,,,,,,,,,,,,,,,,,,,,,,,,,
,,Brighton,Newcastle,,,,,,,,,,,,,,,,,,,,,,,,,,,,,,,,,,,,,,,,,,,,,,,,,,,,,,,,,,,,,,,,,,,,,,,,,,,,,,,,,,,,,,,,,,,,,,,,,,,,,
,,Liverpool,Chelsea,,,,,,,,,,,,,,,,,,,,,,,,,,,,,,,,,,,,,,,,,,,,,,,,,,,,,,,,,,,,,,,,,,,,,,,,,,,,,,,,,,,,,,,,,,,,,,,,,,,,,
,,Man United,West Ham,,,,,,,,,,,,,,,,,,,,,,,,,,,,,,,,,,,,,,,,,,,,,,,,,,,,,,,,,,,,,,,,,,,,,,,,,,,,,,,,,,,,,,,,,,,,,,,,,,,,,
,,Norwich,Burnley,,,,,,,,,,,,,,,,,,,,,,,,,,,,,,,,,,,,,,,,,,,,,,,,,,,,,,,,,,,,,,,,,,,,,,,,,,,,,,,,,,,,,,,,,,,,,,,,,,,,,
,,Sheffield United,Everton,,,,,,,,,,,,,,,,,,,,,,,,,,,,,,,,,,,,,,,,,,,,,,,,,,,,,,,,,,,,,,,,,,,,,,,,,,,,,,,,,,,,,,,,,,,,,,,,,,,,,
,,Tottenham,Leicester,,,,,,,,,,,,,,,,,,,,,,,,,,,,,,,,,,,,,,,,,,,,,,,,,,,,,,,,,,,,,,,,,,,,,,,,,,,,,,,,,,,,,,,,,,,,,,,,,,,,,
,,Watford,Man City,,,,,,,,,,,,,,,,,,,,,,,,,,,,,,,,,,,,,,,,,,,,,,,,,,,,,,,,,,,,,,,,,,,,,,,,,,,,,,,,,,,,,,,,,,,,,,,,,,,,,
,,Wolves,Crystal Palace,,,,,,,,,,,,,,,,,,,,,,,,,,,,,,,,,,,,,,,,,,,,,,,,,,,,,,,,,,,,,,,,,,,,,,,,,,,,,,,,,,,,,,,,,,,,,,,,,,,,,
,,Arsenal,Watford,,,,,,,,,,,,,,,,,,,,,,,,,,,,,,,,,,,,,,,,,,,,,,,,,,,,,,,,,,,,,,,,,,,,,,,,,,,,,,,,,,,,,,,,,,,,,,,,,,,,,
,,Burnley,Brighton,,,,,,,,,,,,,,,,,,,,,,,,,,,,,,,,,,,,,,,,,,,,,,,,,,,,,,,,,,,,,,,,,,,,,,,,,,,,,,,,,,,,,,,,,,,,,,,,,,,,,
,,Chelsea,Wolves,,,,,,,,,,,,,,,,,,,,,,,,,,,,,,,,,,,,,,,,,,,,,,,,,,,,,,,,,,,,,,,,,,,,,,,,,,,,,,,,,,,,,,,,,,,,,,,,,,,,,
,,Crystal Palace,Tottenham,,,,,,,,,,,,,,,,,,,,,,,,,,,,,,,,,,,,,,,,,,,,,,,,,,,,,,,,,,,,,,,,,,,,,,,,,,,,,,,,,,,,,,,,,,,,,,,,,,,,,
,,Everton,Bournemouth,,,,,,,,,,,,,,,,,,,,,,,,,,,,,,,,,,,,,,,,,,,,,,,,,,,,,,,,,,,,,,,,,,,,,,,,,,,,,,,,,,,,,,,,,,,,,,,,,,,,,
,,Leicester,Man United,,,,,,,,,,,,,,,,,,,,,,,,,,,,,,,,,,,,,,,,,,,,,,,,,,,,,,,,,,,,,,,,,,,,,,,,,,,,,,,,,,,,,,,,,,,,,,,,,,,,,
,,Man City,Norwich,,,,,,,,,,,,,,,,,,,,,,,,,,,,,,,,,,,,,,,,,,,,,,,,,,,,,,,,,,,,,,,,,,,,,,,,,,,,,,,,,,,,,,,,,,,,,,,,,,,,,
,,Newcastle,Liverpool,,,,,,,,,,,,,,,,,,,,,,,,,,,,,,,,,,,,,,,,,,,,,,,,,,,,,,,,,,,,,,,,,,,,,,,,,,,,,,,,,,,,,,,,,,,,,,,,,,,,,
,,Southampton,Sheffield United,,,,,,,,,,,,,,,,,,,,,,,,,,,,,,,,,,,,,,,,,,,,,,,,,,,,,,,,,,,,,,,,,,,,,,,,,,,,,,,,,,,,,,,,,,,,,,,,,,,,,
,,West Ham,Aston Villa,,,,,,,,,,,,,,,,,,,,,,,,,,,,,,,,,,,,,,,,,,,,,,,,,,,,,,,,,,,,,,,,,,,,,,,,,,,,,,,,,,,,,,,,,,,,,,,,,,,,,
,,Aston Villa,Sheffield United,,,,,,,,,,,,,,,,,,,,,,,,,,,,,,,,,,,,,,,,,,,,,,,,,,,,,,,,,,,,,,,,,,,,,,,,,,,,,,,,,,,,,,,,,,,,,,,,,,,,,
